﻿<?xml version="1.0" encoding="utf-8"?>
<sensor make="OmniVision" model="OV9121/OV9620">
  <clock freq="24 MHz" />
  <wavelengths visible="700-1100" />
  
  <image cols="640" ros="480" depth="8" fps="15" standard="VGA">
    <description>
      OV9121 SXGA sensor
      12MHz main clock
      30 fps VGA video
      Black White
      Auto exposure enabled
    </description>

    <setup interface="I2C">
      60 12 80	; Reset register
      60 24 B0	; Set AEW
      60 25 90	; Set AEB
      60 26 94	; Set VV
      60 13 85	; Enable auto exposure
      60 0C 28	; Avoid clock halt during format change
      60 11 83	; 15 fps VGA (81 for 30 fps)
      60 14 DE	; Drop false exposure frame data function
      60 12 60	; VGA format
      60 33 20	; Set reference current to improve image
      60 35 90	; Adjust internal reference and anti-blooming
      60 36 17	; Adjust internal reference to improve image
      60 37 04	; Adjust A/D range
    </setup>
  </image>

  <interface type="I2C" address="0x60" width="8" addrwidth="8" cachedwrites="true">
    <register name="GAIN"    address="0x00" />
    <register name="BLUE"    address="0x01" />
    <register name="RED"     address="0x02" />
    <register name="COMA"    address="0x03" />
    <register name="COMB"    address="0x04" />
    <register name="BAVG"    address="0x05" />
    <register name="GBAVG"   address="0x06" />
    <register name="COMC"    address="0x09" />
    <register name="PIDH"    address="0x0A" />
    <register name="PIDL"    address="0x0B" />
    <register name="COMD"    address="0x0C" />
    <register name="COME"    address="0x0D" />
    <register name="COMF"    address="0x0E" />
    <register name="COMG"    address="0x0F" />
    <register name="AEC"     address="0x10" />
    <register name="CLKRC"   address="0x11" />
    <register name="COMH"    address="0x12" />
    <register name="COMI"    address="0x13" />
    <register name="COMJ"    address="0x14" />
    <register name="COMK"    address="0x15" />
    <register name="FSD"     address="0x16" />
    <register name="HREFST"  address="0x17" />
    <register name="HREFEND" address="0x18" />
    <register name="VSTRT"   address="0x19" />
    <register name="VEND"    address="0x1A" />
    <register name="PSHFT"   address="0x1B" />
    <register name="MIDH"    address="0x1C" />
    <register name="MIDL"    address="0x1D" />
    <register name="BOFF"    address="0x20" />
    <register name="GbOFF"   address="0x21" />
    <register name="GrOFF"   address="0x22" />
    <register name="ROFF"    address="0x23" />
    <register name="AEW"     address="0x24" />
    <register name="AEB"     address="0x25" />
    <register name="VV"      address="0x26" />
    <register name="BBIAS"   address="0x27" />
    <register name="GbBIAS"  address="0x28" />
    <register name="GrBIAS"  address="0x29" />
    <register name="COML"    address="0x2A" />
    <register name="FRARL"   address="0x2B" />
    <register name="RBIAS"   address="0x2C" />
    <register name="ADDVSL"  address="0x2D" />
    <register name="ADDVSH"  address="0x2E" />
    <register name="YAVG"    address="0x2F" />
    <register name="HSDY"    address="0x30" />
    <register name="HEDY"    address="0x31" />
    <register name="COMM"    address="0x32" />
    <register name="CHLF"    address="0x33" />
    <register name="VBLM"    address="0x35" />
    <register name="VCHG"    address="0x36" />
    <register name="ADC"     address="0x37" />
    <register name="ACOM"    address="0x38" />
  </interface>
  
  <interface type="ImagerLab" component="J1">
    <wire pin="1"  qusb="+5V" />
    <wire pin="2"  qusb="+5V" />
    <wire pin="3"  qusb="PA5"    name="SPARE0"/>
    <wire pin="4"  qusb="PA4"    name="PWDN"/>
    <wire pin="5"  qusb="PA3"    name="RESET"/>
    <wire pin="6"  qusb="PA2"    name="OE"/>
    <wire pin="7"  qusb="PA1"    name="EXTSYNC"/>
    <wire pin="8"  qusb="PA0"    name="SNAPSHOT"/>
    <wire pin="9"  qusb="SDA"    name="SDA"/>
    <wire pin="10" qusb="SCL"    name="SCL"/>
    <wire pin="11" qusb="RDY0"   name="VSYNC"/>
    <wire pin="12" qusb="RDY1"   name="HREF"/>
    <wire pin="13" qusb="CLKOUT" name="MCLK"/>
    <wire pin="14" qusb="IFCLK"  name="PCLK"/>
    <wire pin="15" qusb="GND"/>
    <wire pin="16" qusb="PD5"/>
    <wire pin="17" qusb="PD4"/>
    <wire pin="18" qusb="PD3"/>
    <wire pin="19" qusb="PD2"/>
    <wire pin="20" qusb="PD1"/>
    <wire pin="21" qusb="PD0"/>
    <wire pin="22" qusb="PB7"/>
    <wire pin="23" qusb="PB6"/>
    <wire pin="24" qusb="PB5"/>
    <wire pin="25" qusb="PB4"/>
    <wire pin="26" qusb="PB3"/>
    <wire pin="27" qusb="PB2"/>
    <wire pin="28" qusb="PB1"/>
    <wire pin="29" qusb="PB0"/>
    <wire pin="30" qusb="GND"/>
  </interface>

</sensor>