<?xml version="1.0" encoding="UTF-8"?>
<DEFECTS>
<OACRDEFECTCOUNT>73</OACRDEFECTCOUNT>
<OACRERRORCOUNT>0</OACRERRORCOUNT>
<DEFECT _seq="1"><SFA><LINE>95</LINE><COLUMN>0</COLUMN><FILENAME>ezusbsys.c</FILENAME><FILEPATH>c:\projects\bitwise\quickusb\library\driver\</FILEPATH></SFA><DEFECTCODE>28101</DEFECTCODE><DESCRIPTION>The Drivers module has inferred that the current function is a DRIVER_INITIALIZE function:  This is informational only. No problem has been detected.</DESCRIPTION><FUNCTION>DriverEntry</FUNCTION><FUNCLINE>95</FUNCLINE><PATH/></DEFECT>
<DEFECT _seq="2"><SFA><LINE>987</LINE><COLUMN>29</COLUMN><FILENAME>ezusbsys.c</FILENAME><FILEPATH>c:\projects\bitwise\quickusb\library\driver\</FILEPATH></SFA><DEFECTCODE>28107</DEFECTCODE><DESCRIPTION>The Memory 'deviceObject' must be held when calling 'IoAttachDeviceToDeviceStack'.</DESCRIPTION><FUNCTION>Ezusb_PnPAddDevice</FUNCTION><FUNCLINE>919</FUNCLINE><PATH><SFA><LINE>937</LINE><COLUMN>27</COLUMN><FILENAME>ezusbsys.c</FILENAME><FILEPATH>c:\projects\bitwise\quickusb\library\driver\</FILEPATH></SFA><SFA><LINE>938</LINE><COLUMN>27</COLUMN><FILENAME>ezusbsys.c</FILENAME><FILEPATH>c:\projects\bitwise\quickusb\library\driver\</FILEPATH></SFA><SFA><LINE>939</LINE><COLUMN>27</COLUMN><FILENAME>ezusbsys.c</FILENAME><FILEPATH>c:\projects\bitwise\quickusb\library\driver\</FILEPATH></SFA><SFA><LINE>940</LINE><COLUMN>7</COLUMN><FILENAME>ezusbsys.c</FILENAME><FILEPATH>c:\projects\bitwise\quickusb\library\driver\</FILEPATH></SFA><SFA><LINE>942</LINE><COLUMN>3</COLUMN><FILENAME>ezusbsys.c</FILENAME><FILEPATH>c:\projects\bitwise\quickusb\library\driver\</FILEPATH></SFA><SFA><LINE>951</LINE><COLUMN>12</COLUMN><FILENAME>ezusbsys.c</FILENAME><FILEPATH>c:\projects\bitwise\quickusb\library\driver\</FILEPATH></SFA><SFA><LINE>954</LINE><COLUMN>15</COLUMN><FILENAME>ezusbsys.c</FILENAME><FILEPATH>c:\projects\bitwise\quickusb\library\driver\</FILEPATH></SFA><SFA><LINE>955</LINE><COLUMN>14</COLUMN><FILENAME>ezusbsys.c</FILENAME><FILEPATH>c:\projects\bitwise\quickusb\library\driver\</FILEPATH></SFA><SFA><LINE>956</LINE><COLUMN>34</COLUMN><FILENAME>ezusbsys.c</FILENAME><FILEPATH>c:\projects\bitwise\quickusb\library\driver\</FILEPATH></SFA><SFA><LINE>958</LINE><COLUMN>7</COLUMN><FILENAME>ezusbsys.c</FILENAME><FILEPATH>c:\projects\bitwise\quickusb\library\driver\</FILEPATH></SFA><SFA><LINE>960</LINE><COLUMN>10</COLUMN><FILENAME>ezusbsys.c</FILENAME><FILEPATH>c:\projects\bitwise\quickusb\library\driver\</FILEPATH></SFA><SFA><LINE>968</LINE><COLUMN>26</COLUMN><FILENAME>ezusbsys.c</FILENAME><FILEPATH>c:\projects\bitwise\quickusb\library\driver\</FILEPATH></SFA><SFA><LINE>973</LINE><COLUMN>26</COLUMN><FILENAME>ezusbsys.c</FILENAME><FILEPATH>c:\projects\bitwise\quickusb\library\driver\</FILEPATH></SFA><SFA><LINE>975</LINE><COLUMN>26</COLUMN><FILENAME>ezusbsys.c</FILENAME><FILEPATH>c:\projects\bitwise\quickusb\library\driver\</FILEPATH></SFA><SFA><LINE>981</LINE><COLUMN>32</COLUMN><FILENAME>ezusbsys.c</FILENAME><FILEPATH>c:\projects\bitwise\quickusb\library\driver\</FILEPATH></SFA><SFA><LINE>987</LINE><COLUMN>29</COLUMN><FILENAME>ezusbsys.c</FILENAME><FILEPATH>c:\projects\bitwise\quickusb\library\driver\</FILEPATH></SFA></PATH></DEFECT>
<DEFECT _seq="3"><SFA><LINE>504</LINE><COLUMN>3</COLUMN><FILENAME>ezusbsys.c</FILENAME><FILEPATH>c:\projects\bitwise\quickusb\library\driver\</FILEPATH></SFA><DEFECTCODE>28114</DEFECTCODE><DESCRIPTION>Copying a whole IRP stack entry leaves certain fields initialized that should be cleared or updated:  Use IoCopyCurrentIrpStackLocationToNext to accomplish this.</DESCRIPTION><FUNCTION>Ezusb_DispatchPower</FUNCTION><FUNCLINE>396</FUNCLINE><PATH/></DEFECT>
<DEFECT _seq="4"><SFA><LINE>128</LINE><COLUMN>46</COLUMN><FILENAME>ezusbsys.c</FILENAME><FILEPATH>c:\projects\bitwise\quickusb\library\driver\</FILEPATH></SFA><DEFECTCODE>28155</DEFECTCODE><DESCRIPTION>The function being assigned or passed should be a DRIVER_DISPATCH function:  Add the declaration 'DRIVER_DISPATCH Ezusb_Create;' before the current first declaration of Ezusb_Create.</DESCRIPTION><FUNCTION>DriverEntry</FUNCTION><FUNCLINE>95</FUNCLINE><PATH/></DEFECT>
<DEFECT _seq="5"><SFA><LINE>129</LINE><COLUMN>45</COLUMN><FILENAME>ezusbsys.c</FILENAME><FILEPATH>c:\projects\bitwise\quickusb\library\driver\</FILEPATH></SFA><DEFECTCODE>28155</DEFECTCODE><DESCRIPTION>The function being assigned or passed should be a DRIVER_DISPATCH function:  Add the declaration 'DRIVER_DISPATCH Ezusb_Close;' before the current first declaration of Ezusb_Close.</DESCRIPTION><FUNCTION>DriverEntry</FUNCTION><FUNCLINE>95</FUNCLINE><PATH/></DEFECT>
<DEFECT _seq="6"><SFA><LINE>130</LINE><COLUMN>30</COLUMN><FILENAME>ezusbsys.c</FILENAME><FILEPATH>c:\projects\bitwise\quickusb\library\driver\</FILEPATH></SFA><DEFECTCODE>28155</DEFECTCODE><DESCRIPTION>The function being assigned or passed should be a DRIVER_UNLOAD function:  Add the declaration 'DRIVER_UNLOAD Ezusb_Unload;' before the current first declaration of Ezusb_Unload.</DESCRIPTION><FUNCTION>DriverEntry</FUNCTION><FUNCLINE>95</FUNCLINE><PATH/></DEFECT>
<DEFECT _seq="7"><SFA><LINE>132</LINE><COLUMN>54</COLUMN><FILENAME>ezusbsys.c</FILENAME><FILEPATH>c:\projects\bitwise\quickusb\library\driver\</FILEPATH></SFA><DEFECTCODE>28155</DEFECTCODE><DESCRIPTION>The function being assigned or passed should be a DRIVER_DISPATCH function:  Add the declaration 'DRIVER_DISPATCH Ezusb_ProcessIOCTL;' before the current first declaration of Ezusb_ProcessIOCTL.</DESCRIPTION><FUNCTION>DriverEntry</FUNCTION><FUNCLINE>95</FUNCLINE><PATH/></DEFECT>
<DEFECT _seq="8"><SFA><LINE>134</LINE><COLUMN>43</COLUMN><FILENAME>ezusbsys.c</FILENAME><FILEPATH>c:\projects\bitwise\quickusb\library\driver\</FILEPATH></SFA><DEFECTCODE>28155</DEFECTCODE><DESCRIPTION>The function being assigned or passed should be a DRIVER_DISPATCH function:  Add the declaration 'DRIVER_DISPATCH Ezusb_DispatchPnp;' before the current first declaration of Ezusb_DispatchPnp.</DESCRIPTION><FUNCTION>DriverEntry</FUNCTION><FUNCLINE>95</FUNCLINE><PATH/></DEFECT>
<DEFECT _seq="9"><SFA><LINE>135</LINE><COLUMN>45</COLUMN><FILENAME>ezusbsys.c</FILENAME><FILEPATH>c:\projects\bitwise\quickusb\library\driver\</FILEPATH></SFA><DEFECTCODE>28155</DEFECTCODE><DESCRIPTION>The function being assigned or passed should be a DRIVER_DISPATCH function:  Add the declaration 'DRIVER_DISPATCH Ezusb_DispatchPower;' before the current first declaration of Ezusb_DispatchPower.</DESCRIPTION><FUNCTION>DriverEntry</FUNCTION><FUNCLINE>95</FUNCLINE><PATH/></DEFECT>
<DEFECT _seq="10"><SFA><LINE>136</LINE><COLUMN>44</COLUMN><FILENAME>ezusbsys.c</FILENAME><FILEPATH>c:\projects\bitwise\quickusb\library\driver\</FILEPATH></SFA><DEFECTCODE>28155</DEFECTCODE><DESCRIPTION>The function being assigned or passed should be a DRIVER_ADD_DEVICE function:  Add the declaration 'DRIVER_ADD_DEVICE Ezusb_PnPAddDevice;' before the current first declaration of Ezusb_PnPAddDevice.</DESCRIPTION><FUNCTION>DriverEntry</FUNCTION><FUNCLINE>95</FUNCLINE><PATH/></DEFECT>
<DEFECT _seq="11"><SFA><LINE>231</LINE><COLUMN>54</COLUMN><FILENAME>ezusbsys.c</FILENAME><FILEPATH>c:\projects\bitwise\quickusb\library\driver\</FILEPATH></SFA><DEFECTCODE>28155</DEFECTCODE><DESCRIPTION>The function being assigned or passed should be a IO_COMPLETION_ROUTINE function:  Add the declaration 'IO_COMPLETION_ROUTINE OnRequestComplete;' before the current first declaration of OnRequestComplete.</DESCRIPTION><FUNCTION>ForwardAndWait</FUNCTION><FUNCLINE>195</FUNCLINE><PATH/></DEFECT>
<DEFECT _seq="12"><SFA><LINE>3811</LINE><COLUMN>13</COLUMN><FILENAME>ezusbsys.c</FILENAME><FILEPATH>c:\projects\bitwise\quickusb\library\driver\</FILEPATH></SFA><DEFECTCODE>28155</DEFECTCODE><DESCRIPTION>The function being assigned or passed should be a IO_COMPLETION_ROUTINE function:  Add the declaration 'IO_COMPLETION_ROUTINE IsoTransferComplete;' before the current first declaration of IsoTransferComplete.</DESCRIPTION><FUNCTION>IsoTransferComplete</FUNCTION><FUNCLINE>3725</FUNCLINE><PATH/></DEFECT>
<DEFECT _seq="13"><SFA><LINE>4075</LINE><COLUMN>13</COLUMN><FILENAME>ezusbsys.c</FILENAME><FILEPATH>c:\projects\bitwise\quickusb\library\driver\</FILEPATH></SFA><DEFECTCODE>28155</DEFECTCODE><DESCRIPTION>The function being assigned or passed should be a IO_COMPLETION_ROUTINE function:  Add the declaration 'IO_COMPLETION_ROUTINE IsoStreamTransferComplete;' before the current first declaration of IsoStreamTransferComplete.</DESCRIPTION><FUNCTION>IsoStreamTransferComplete</FUNCTION><FUNCLINE>3990</FUNCLINE><PATH/></DEFECT>
<DEFECT _seq="14"><SFA><LINE>4233</LINE><COLUMN>29</COLUMN><FILENAME>ezusbsys.c</FILENAME><FILEPATH>c:\projects\bitwise\quickusb\library\driver\</FILEPATH></SFA><DEFECTCODE>28155</DEFECTCODE><DESCRIPTION>The function being assigned or passed should be a IO_COMPLETION_ROUTINE function:  Add the declaration 'IO_COMPLETION_ROUTINE IsoStreamTransferComplete;' before the current first declaration of IsoStreamTransferComplete.</DESCRIPTION><FUNCTION>Ezusb_StartIsoStream</FUNCTION><FUNCLINE>4114</FUNCLINE><PATH/></DEFECT>
<DEFECT _seq="15"><SFA><LINE>4319</LINE><COLUMN>26</COLUMN><FILENAME>ezusbsys.c</FILENAME><FILEPATH>c:\projects\bitwise\quickusb\library\driver\</FILEPATH></SFA><DEFECTCODE>28155</DEFECTCODE><DESCRIPTION>The function being assigned or passed should be a IO_COMPLETION_ROUTINE function:  Add the declaration 'IO_COMPLETION_ROUTINE IsoTransferComplete;' before the current first declaration of IsoTransferComplete.</DESCRIPTION><FUNCTION>InitTransferObject</FUNCTION><FUNCLINE>4253</FUNCLINE><PATH/></DEFECT>
<DEFECT _seq="16"><SFA><LINE>5117</LINE><COLUMN>40</COLUMN><FILENAME>ezusbsys.c</FILENAME><FILEPATH>c:\projects\bitwise\quickusb\library\driver\</FILEPATH></SFA><DEFECTCODE>28155</DEFECTCODE><DESCRIPTION>The function being assigned or passed should be a IO_COMPLETION_ROUTINE function:  Add the declaration 'IO_COMPLETION_ROUTINE Ezusb_BulkCompletionRoutine;' before the current first declaration of Ezusb_BulkCompletionRoutine.</DESCRIPTION><FUNCTION>Ezusb_Read_Write_Async</FUNCTION><FUNCLINE>4896</FUNCLINE><PATH/></DEFECT>
<DEFECT _seq="17"><SFA><LINE>674</LINE><COLUMN>24</COLUMN><FILENAME>ezusbsys.c</FILENAME><FILEPATH>c:\projects\bitwise\quickusb\library\driver\</FILEPATH></SFA><DEFECTCODE>28159</DEFECTCODE><DESCRIPTION>Consider using 'ExAllocatePoolWithTag' instead of 'ExAllocatePool'. Reason: No tag interferes with debugging..</DESCRIPTION><FUNCTION>Ezusb_StartDevice</FUNCTION><FUNCLINE>642</FUNCLINE><PATH/></DEFECT>
<DEFECT _seq="18"><SFA><LINE>682</LINE><COLUMN>41</COLUMN><FILENAME>ezusbsys.c</FILENAME><FILEPATH>c:\projects\bitwise\quickusb\library\driver\</FILEPATH></SFA><DEFECTCODE>28159</DEFECTCODE><DESCRIPTION>Consider using 'ExAllocatePoolWithTag' instead of 'ExAllocatePool'. Reason: No tag interferes with debugging..</DESCRIPTION><FUNCTION>Ezusb_StartDevice</FUNCTION><FUNCLINE>642</FUNCLINE><PATH/></DEFECT>
<DEFECT _seq="19"><SFA><LINE>890</LINE><COLUMN>23</COLUMN><FILENAME>ezusbsys.c</FILENAME><FILEPATH>c:\projects\bitwise\quickusb\library\driver\</FILEPATH></SFA><DEFECTCODE>28159</DEFECTCODE><DESCRIPTION>Consider using 'ExAllocatePoolWithTag' instead of 'ExAllocatePool'. Reason: No tag interferes with debugging..</DESCRIPTION><FUNCTION>Ezusb_StopDevice</FUNCTION><FUNCLINE>858</FUNCLINE><PATH/></DEFECT>
<DEFECT _seq="20"><SFA><LINE>1117</LINE><COLUMN>42</COLUMN><FILENAME>ezusbsys.c</FILENAME><FILEPATH>c:\projects\bitwise\quickusb\library\driver\</FILEPATH></SFA><DEFECTCODE>28159</DEFECTCODE><DESCRIPTION>Consider using 'compiler support for 64 bit' instead of 'RtlLargeIntegerNegate'. Reason: Obsolete.</DESCRIPTION><FUNCTION>Ezusb_CreateDeviceObject</FUNCTION><FUNCLINE>1007</FUNCLINE><PATH/></DEFECT>
<DEFECT _seq="21"><SFA><LINE>1311</LINE><COLUMN>23</COLUMN><FILENAME>ezusbsys.c</FILENAME><FILEPATH>c:\projects\bitwise\quickusb\library\driver\</FILEPATH></SFA><DEFECTCODE>28159</DEFECTCODE><DESCRIPTION>Consider using 'ExAllocatePoolWithTag' instead of 'ExAllocatePool'. Reason: No tag interferes with debugging..</DESCRIPTION><FUNCTION>Ezusb_ConfigureDevice</FUNCTION><FUNCLINE>1283</FUNCLINE><PATH/></DEFECT>
<DEFECT _seq="22"><SFA><LINE>1323</LINE><COLUMN>48</COLUMN><FILENAME>ezusbsys.c</FILENAME><FILEPATH>c:\projects\bitwise\quickusb\library\driver\</FILEPATH></SFA><DEFECTCODE>28159</DEFECTCODE><DESCRIPTION>Consider using 'ExAllocatePoolWithTag' instead of 'ExAllocatePool'. Reason: No tag interferes with debugging..</DESCRIPTION><FUNCTION>Ezusb_ConfigureDevice</FUNCTION><FUNCLINE>1283</FUNCLINE><PATH/></DEFECT>
<DEFECT _seq="23"><SFA><LINE>1361</LINE><COLUMN>48</COLUMN><FILENAME>ezusbsys.c</FILENAME><FILEPATH>c:\projects\bitwise\quickusb\library\driver\</FILEPATH></SFA><DEFECTCODE>28159</DEFECTCODE><DESCRIPTION>Consider using 'ExAllocatePoolWithTag' instead of 'ExAllocatePool'. Reason: No tag interferes with debugging..</DESCRIPTION><FUNCTION>Ezusb_ConfigureDevice</FUNCTION><FUNCLINE>1283</FUNCLINE><PATH/></DEFECT>
<DEFECT _seq="24"><SFA><LINE>1516</LINE><COLUMN>37</COLUMN><FILENAME>ezusbsys.c</FILENAME><FILEPATH>c:\projects\bitwise\quickusb\library\driver\</FILEPATH></SFA><DEFECTCODE>28159</DEFECTCODE><DESCRIPTION>Consider using 'ExAllocatePoolWithTag' instead of 'ExAllocatePool'. Reason: No tag interferes with debugging..</DESCRIPTION><FUNCTION>Ezusb_SelectInterfaces</FUNCTION><FUNCLINE>1430</FUNCLINE><PATH/></DEFECT>
<DEFECT _seq="25"><SFA><LINE>1645</LINE><COLUMN>23</COLUMN><FILENAME>ezusbsys.c</FILENAME><FILEPATH>c:\projects\bitwise\quickusb\library\driver\</FILEPATH></SFA><DEFECTCODE>28159</DEFECTCODE><DESCRIPTION>Consider using 'ExAllocatePoolWithTag' instead of 'ExAllocatePool'. Reason: No tag interferes with debugging..</DESCRIPTION><FUNCTION>Ezusb_Read_Write</FUNCTION><FUNCLINE>1558</FUNCLINE><PATH/></DEFECT>
<DEFECT _seq="26"><SFA><LINE>1895</LINE><COLUMN>29</COLUMN><FILENAME>ezusbsys.c</FILENAME><FILEPATH>c:\projects\bitwise\quickusb\library\driver\</FILEPATH></SFA><DEFECTCODE>28159</DEFECTCODE><DESCRIPTION>Consider using 'ExAllocatePoolWithTag' instead of 'ExAllocatePool'. Reason: No tag interferes with debugging..</DESCRIPTION><FUNCTION>Ezusb_ProcessIOCTL</FUNCTION><FUNCLINE>1816</FUNCLINE><PATH/></DEFECT>
<DEFECT _seq="27"><SFA><LINE>1952</LINE><COLUMN>53</COLUMN><FILENAME>ezusbsys.c</FILENAME><FILEPATH>c:\projects\bitwise\quickusb\library\driver\</FILEPATH></SFA><DEFECTCODE>28159</DEFECTCODE><DESCRIPTION>Consider using 'MmMapLockedPagesSpecifyCache' instead of 'MmMapLockedPages'. Reason: Obsolete except on Windows 98.  Use MmGetSystemAddressForMdlSafe if this is a call to MmGetSystemAddressForMdl..</DESCRIPTION><FUNCTION>Ezusb_ProcessIOCTL</FUNCTION><FUNCLINE>1816</FUNCLINE><PATH/></DEFECT>
<DEFECT _seq="28"><SFA><LINE>2131</LINE><COLUMN>45</COLUMN><FILENAME>ezusbsys.c</FILENAME><FILEPATH>c:\projects\bitwise\quickusb\library\driver\</FILEPATH></SFA><DEFECTCODE>28159</DEFECTCODE><DESCRIPTION>Consider using 'compiler support for 64 bit' instead of 'RtlLargeIntegerNegate'. Reason: Obsolete.</DESCRIPTION><FUNCTION>Ezusb_ProcessIOCTL</FUNCTION><FUNCLINE>1816</FUNCLINE><PATH/></DEFECT>
<DEFECT _seq="29"><SFA><LINE>2274</LINE><COLUMN>43</COLUMN><FILENAME>ezusbsys.c</FILENAME><FILEPATH>c:\projects\bitwise\quickusb\library\driver\</FILEPATH></SFA><DEFECTCODE>28159</DEFECTCODE><DESCRIPTION>Consider using 'MmMapLockedPagesSpecifyCache' instead of 'MmMapLockedPages'. Reason: Obsolete except on Windows 98.  Use MmGetSystemAddressForMdlSafe if this is a call to MmGetSystemAddressForMdl..</DESCRIPTION><FUNCTION>Ezusb_ProcessIOCTL</FUNCTION><FUNCLINE>1816</FUNCLINE><PATH/></DEFECT>
<DEFECT _seq="30"><SFA><LINE>2280</LINE><COLUMN>53</COLUMN><FILENAME>ezusbsys.c</FILENAME><FILEPATH>c:\projects\bitwise\quickusb\library\driver\</FILEPATH></SFA><DEFECTCODE>28159</DEFECTCODE><DESCRIPTION>Consider using 'MmMapLockedPagesSpecifyCache' instead of 'MmMapLockedPages'. Reason: Obsolete except on Windows 98.  Use MmGetSystemAddressForMdlSafe if this is a call to MmGetSystemAddressForMdl..</DESCRIPTION><FUNCTION>Ezusb_ProcessIOCTL</FUNCTION><FUNCLINE>1816</FUNCLINE><PATH/></DEFECT>
<DEFECT _seq="31"><SFA><LINE>2369</LINE><COLUMN>23</COLUMN><FILENAME>ezusbsys.c</FILENAME><FILEPATH>c:\projects\bitwise\quickusb\library\driver\</FILEPATH></SFA><DEFECTCODE>28159</DEFECTCODE><DESCRIPTION>Consider using 'ExAllocatePoolWithTag' instead of 'ExAllocatePool'. Reason: No tag interferes with debugging..</DESCRIPTION><FUNCTION>Ezusb_GetDescriptor</FUNCTION><FUNCLINE>2339</FUNCLINE><PATH/></DEFECT>
<DEFECT _seq="32"><SFA><LINE>2527</LINE><COLUMN>23</COLUMN><FILENAME>ezusbsys.c</FILENAME><FILEPATH>c:\projects\bitwise\quickusb\library\driver\</FILEPATH></SFA><DEFECTCODE>28159</DEFECTCODE><DESCRIPTION>Consider using 'ExAllocatePoolWithTag' instead of 'ExAllocatePool'. Reason: No tag interferes with debugging..</DESCRIPTION><FUNCTION>Ezusb_GetStringDescriptor</FUNCTION><FUNCLINE>2497</FUNCLINE><PATH/></DEFECT>
<DEFECT _seq="33"><SFA><LINE>2611</LINE><COLUMN>23</COLUMN><FILENAME>ezusbsys.c</FILENAME><FILEPATH>c:\projects\bitwise\quickusb\library\driver\</FILEPATH></SFA><DEFECTCODE>28159</DEFECTCODE><DESCRIPTION>Consider using 'ExAllocatePoolWithTag' instead of 'ExAllocatePool'. Reason: No tag interferes with debugging..</DESCRIPTION><FUNCTION>Ezusb_VendorRequest2</FUNCTION><FUNCLINE>2577</FUNCLINE><PATH/></DEFECT>
<DEFECT _seq="34"><SFA><LINE>2709</LINE><COLUMN>24</COLUMN><FILENAME>ezusbsys.c</FILENAME><FILEPATH>c:\projects\bitwise\quickusb\library\driver\</FILEPATH></SFA><DEFECTCODE>28159</DEFECTCODE><DESCRIPTION>Consider using 'ExAllocatePoolWithTag' instead of 'ExAllocatePool'. Reason: No tag interferes with debugging..</DESCRIPTION><FUNCTION>Ezusb_VendorRequest</FUNCTION><FUNCLINE>2697</FUNCLINE><PATH/></DEFECT>
<DEFECT _seq="35"><SFA><LINE>2746</LINE><COLUMN>35</COLUMN><FILENAME>ezusbsys.c</FILENAME><FILEPATH>c:\projects\bitwise\quickusb\library\driver\</FILEPATH></SFA><DEFECTCODE>28159</DEFECTCODE><DESCRIPTION>Consider using 'ExAllocatePoolWithTag' instead of 'ExAllocatePool'. Reason: No tag interferes with debugging..</DESCRIPTION><FUNCTION>Ezusb_VendorRequest</FUNCTION><FUNCLINE>2697</FUNCLINE><PATH/></DEFECT>
<DEFECT _seq="36"><SFA><LINE>2836</LINE><COLUMN>23</COLUMN><FILENAME>ezusbsys.c</FILENAME><FILEPATH>c:\projects\bitwise\quickusb\library\driver\</FILEPATH></SFA><DEFECTCODE>28159</DEFECTCODE><DESCRIPTION>Consider using 'ExAllocatePoolWithTag' instead of 'ExAllocatePool'. Reason: No tag interferes with debugging..</DESCRIPTION><FUNCTION>Ezusb_ResetPipe</FUNCTION><FUNCLINE>2789</FUNCLINE><PATH/></DEFECT>
<DEFECT _seq="37"><SFA><LINE>2893</LINE><COLUMN>23</COLUMN><FILENAME>ezusbsys.c</FILENAME><FILEPATH>c:\projects\bitwise\quickusb\library\driver\</FILEPATH></SFA><DEFECTCODE>28159</DEFECTCODE><DESCRIPTION>Consider using 'ExAllocatePoolWithTag' instead of 'ExAllocatePool'. Reason: No tag interferes with debugging..</DESCRIPTION><FUNCTION>Ezusb_AbortPipe</FUNCTION><FUNCLINE>2870</FUNCLINE><PATH/></DEFECT>
<DEFECT _seq="38"><SFA><LINE>2943</LINE><COLUMN>23</COLUMN><FILENAME>ezusbsys.c</FILENAME><FILEPATH>c:\projects\bitwise\quickusb\library\driver\</FILEPATH></SFA><DEFECTCODE>28159</DEFECTCODE><DESCRIPTION>Consider using 'ExAllocatePoolWithTag' instead of 'ExAllocatePool'. Reason: No tag interferes with debugging..</DESCRIPTION><FUNCTION>Ezusb_GetCurrentFrameNumber</FUNCTION><FUNCLINE>2930</FUNCLINE><PATH/></DEFECT>
<DEFECT _seq="39"><SFA><LINE>3168</LINE><COLUMN>24</COLUMN><FILENAME>ezusbsys.c</FILENAME><FILEPATH>c:\projects\bitwise\quickusb\library\driver\</FILEPATH></SFA><DEFECTCODE>28159</DEFECTCODE><DESCRIPTION>Consider using 'ExAllocatePoolWithTag' instead of 'ExAllocatePool'. Reason: No tag interferes with debugging..</DESCRIPTION><FUNCTION>Ezusb_DownloadTest</FUNCTION><FUNCLINE>3153</FUNCLINE><PATH/></DEFECT>
<DEFECT _seq="40"><SFA><LINE>3171</LINE><COLUMN>28</COLUMN><FILENAME>ezusbsys.c</FILENAME><FILEPATH>c:\projects\bitwise\quickusb\library\driver\</FILEPATH></SFA><DEFECTCODE>28159</DEFECTCODE><DESCRIPTION>Consider using 'ExAllocatePoolWithTag' instead of 'ExAllocatePool'. Reason: No tag interferes with debugging..</DESCRIPTION><FUNCTION>Ezusb_DownloadTest</FUNCTION><FUNCLINE>3153</FUNCLINE><PATH/></DEFECT>
<DEFECT _seq="41"><SFA><LINE>3172</LINE><COLUMN>28</COLUMN><FILENAME>ezusbsys.c</FILENAME><FILEPATH>c:\projects\bitwise\quickusb\library\driver\</FILEPATH></SFA><DEFECTCODE>28159</DEFECTCODE><DESCRIPTION>Consider using 'ExAllocatePoolWithTag' instead of 'ExAllocatePool'. Reason: No tag interferes with debugging..</DESCRIPTION><FUNCTION>Ezusb_DownloadTest</FUNCTION><FUNCLINE>3153</FUNCLINE><PATH/></DEFECT>
<DEFECT _seq="42"><SFA><LINE>3284</LINE><COLUMN>24</COLUMN><FILENAME>ezusbsys.c</FILENAME><FILEPATH>c:\projects\bitwise\quickusb\library\driver\</FILEPATH></SFA><DEFECTCODE>28159</DEFECTCODE><DESCRIPTION>Consider using 'ExAllocatePoolWithTag' instead of 'ExAllocatePool'. Reason: No tag interferes with debugging..</DESCRIPTION><FUNCTION>GetConfigDescriptor</FUNCTION><FUNCLINE>3257</FUNCLINE><PATH/></DEFECT>
<DEFECT _seq="43"><SFA><LINE>3294</LINE><COLUMN>48</COLUMN><FILENAME>ezusbsys.c</FILENAME><FILEPATH>c:\projects\bitwise\quickusb\library\driver\</FILEPATH></SFA><DEFECTCODE>28159</DEFECTCODE><DESCRIPTION>Consider using 'ExAllocatePoolWithTag' instead of 'ExAllocatePool'. Reason: No tag interferes with debugging..</DESCRIPTION><FUNCTION>GetConfigDescriptor</FUNCTION><FUNCLINE>3257</FUNCLINE><PATH/></DEFECT>
<DEFECT _seq="44"><SFA><LINE>3534</LINE><COLUMN>23</COLUMN><FILENAME>ezusbsys.c</FILENAME><FILEPATH>c:\projects\bitwise\quickusb\library\driver\</FILEPATH></SFA><DEFECTCODE>28159</DEFECTCODE><DESCRIPTION>Consider using 'ExAllocatePoolWithTag' instead of 'ExAllocatePool'. Reason: No tag interferes with debugging..</DESCRIPTION><FUNCTION>SetInterface</FUNCTION><FUNCLINE>3482</FUNCLINE><PATH/></DEFECT>
<DEFECT _seq="45"><SFA><LINE>3590</LINE><COLUMN>37</COLUMN><FILENAME>ezusbsys.c</FILENAME><FILEPATH>c:\projects\bitwise\quickusb\library\driver\</FILEPATH></SFA><DEFECTCODE>28159</DEFECTCODE><DESCRIPTION>Consider using 'ExAllocatePoolWithTag' instead of 'ExAllocatePool'. Reason: No tag interferes with debugging..</DESCRIPTION><FUNCTION>SetInterface</FUNCTION><FUNCLINE>3482</FUNCLINE><PATH/></DEFECT>
<DEFECT _seq="46"><SFA><LINE>3919</LINE><COLUMN>32</COLUMN><FILENAME>ezusbsys.c</FILENAME><FILEPATH>c:\projects\bitwise\quickusb\library\driver\</FILEPATH></SFA><DEFECTCODE>28159</DEFECTCODE><DESCRIPTION>Consider using 'ExAllocatePoolWithTag' instead of 'ExAllocatePool'. Reason: No tag interferes with debugging..</DESCRIPTION><FUNCTION>Ezusb_StartIsoTransfer</FUNCTION><FUNCLINE>3839</FUNCLINE><PATH/></DEFECT>
<DEFECT _seq="47"><SFA><LINE>3943</LINE><COLUMN>34</COLUMN><FILENAME>ezusbsys.c</FILENAME><FILEPATH>c:\projects\bitwise\quickusb\library\driver\</FILEPATH></SFA><DEFECTCODE>28159</DEFECTCODE><DESCRIPTION>Consider using 'MmMapLockedPagesSpecifyCache' instead of 'MmMapLockedPages'. Reason: Obsolete except on Windows 98.  Use MmGetSystemAddressForMdlSafe if this is a call to MmGetSystemAddressForMdl..</DESCRIPTION><FUNCTION>Ezusb_StartIsoTransfer</FUNCTION><FUNCLINE>3839</FUNCLINE><PATH/></DEFECT>
<DEFECT _seq="48"><SFA><LINE>3948</LINE><COLUMN>48</COLUMN><FILENAME>ezusbsys.c</FILENAME><FILEPATH>c:\projects\bitwise\quickusb\library\driver\</FILEPATH></SFA><DEFECTCODE>28159</DEFECTCODE><DESCRIPTION>Consider using 'ExAllocatePoolWithTag' instead of 'ExAllocatePool'. Reason: No tag interferes with debugging..</DESCRIPTION><FUNCTION>Ezusb_StartIsoTransfer</FUNCTION><FUNCLINE>3839</FUNCLINE><PATH/></DEFECT>
<DEFECT _seq="49"><SFA><LINE>4166</LINE><COLUMN>32</COLUMN><FILENAME>ezusbsys.c</FILENAME><FILEPATH>c:\projects\bitwise\quickusb\library\driver\</FILEPATH></SFA><DEFECTCODE>28159</DEFECTCODE><DESCRIPTION>Consider using 'ExAllocatePoolWithTag' instead of 'ExAllocatePool'. Reason: No tag interferes with debugging..</DESCRIPTION><FUNCTION>Ezusb_StartIsoStream</FUNCTION><FUNCLINE>4114</FUNCLINE><PATH/></DEFECT>
<DEFECT _seq="50"><SFA><LINE>4192</LINE><COLUMN>48</COLUMN><FILENAME>ezusbsys.c</FILENAME><FILEPATH>c:\projects\bitwise\quickusb\library\driver\</FILEPATH></SFA><DEFECTCODE>28159</DEFECTCODE><DESCRIPTION>Consider using 'ExAllocatePoolWithTag' instead of 'ExAllocatePool'. Reason: No tag interferes with debugging..</DESCRIPTION><FUNCTION>Ezusb_StartIsoStream</FUNCTION><FUNCLINE>4114</FUNCLINE><PATH/></DEFECT>
<DEFECT _seq="51"><SFA><LINE>4216</LINE><COLUMN>48</COLUMN><FILENAME>ezusbsys.c</FILENAME><FILEPATH>c:\projects\bitwise\quickusb\library\driver\</FILEPATH></SFA><DEFECTCODE>28159</DEFECTCODE><DESCRIPTION>Consider using 'ExAllocatePoolWithTag' instead of 'ExAllocatePool'. Reason: No tag interferes with debugging..</DESCRIPTION><FUNCTION>Ezusb_StartIsoStream</FUNCTION><FUNCLINE>4114</FUNCLINE><PATH/></DEFECT>
<DEFECT _seq="52"><SFA><LINE>4275</LINE><COLUMN>23</COLUMN><FILENAME>ezusbsys.c</FILENAME><FILEPATH>c:\projects\bitwise\quickusb\library\driver\</FILEPATH></SFA><DEFECTCODE>28159</DEFECTCODE><DESCRIPTION>Consider using 'ExAllocatePoolWithTag' instead of 'ExAllocatePool'. Reason: No tag interferes with debugging..</DESCRIPTION><FUNCTION>InitTransferObject</FUNCTION><FUNCLINE>4253</FUNCLINE><PATH/></DEFECT>
<DEFECT _seq="53"><SFA><LINE>4358</LINE><COLUMN>23</COLUMN><FILENAME>ezusbsys.c</FILENAME><FILEPATH>c:\projects\bitwise\quickusb\library\driver\</FILEPATH></SFA><DEFECTCODE>28159</DEFECTCODE><DESCRIPTION>Consider using 'ExAllocatePoolWithTag' instead of 'ExAllocatePool'. Reason: No tag interferes with debugging..</DESCRIPTION><FUNCTION>Ezusb_8051Reset</FUNCTION><FUNCLINE>4334</FUNCLINE><PATH/></DEFECT>
<DEFECT _seq="54"><SFA><LINE>4441</LINE><COLUMN>23</COLUMN><FILENAME>ezusbsys.c</FILENAME><FILEPATH>c:\projects\bitwise\quickusb\library\driver\</FILEPATH></SFA><DEFECTCODE>28159</DEFECTCODE><DESCRIPTION>Consider using 'ExAllocatePoolWithTag' instead of 'ExAllocatePool'. Reason: No tag interferes with debugging..</DESCRIPTION><FUNCTION>Ezusb_AnchorDownload</FUNCTION><FUNCLINE>4410</FUNCLINE><PATH/></DEFECT>
<DEFECT _seq="55"><SFA><LINE>4517</LINE><COLUMN>23</COLUMN><FILENAME>ezusbsys.c</FILENAME><FILEPATH>c:\projects\bitwise\quickusb\library\driver\</FILEPATH></SFA><DEFECTCODE>28159</DEFECTCODE><DESCRIPTION>Consider using 'ExAllocatePoolWithTag' instead of 'ExAllocatePool'. Reason: No tag interferes with debugging..</DESCRIPTION><FUNCTION>Ezusb_DownloadIntelHex</FUNCTION><FUNCLINE>4490</FUNCLINE><PATH/></DEFECT>
<DEFECT _seq="56"><SFA><LINE>4600</LINE><COLUMN>30</COLUMN><FILENAME>ezusbsys.c</FILENAME><FILEPATH>c:\projects\bitwise\quickusb\library\driver\</FILEPATH></SFA><DEFECTCODE>28159</DEFECTCODE><DESCRIPTION>Consider using 'ExAllocatePoolWithTag' instead of 'ExAllocatePool'. Reason: No tag interferes with debugging..</DESCRIPTION><FUNCTION>AllocRingBuffer</FUNCTION><FUNCLINE>4594</FUNCLINE><PATH/></DEFECT>
<DEFECT _seq="57"><SFA><LINE>4605</LINE><COLUMN>38</COLUMN><FILENAME>ezusbsys.c</FILENAME><FILEPATH>c:\projects\bitwise\quickusb\library\driver\</FILEPATH></SFA><DEFECTCODE>28159</DEFECTCODE><DESCRIPTION>Consider using 'ExAllocatePoolWithTag' instead of 'ExAllocatePool'. Reason: No tag interferes with debugging..</DESCRIPTION><FUNCTION>AllocRingBuffer</FUNCTION><FUNCLINE>4594</FUNCLINE><PATH/></DEFECT>
<DEFECT _seq="58"><SFA><LINE>4800</LINE><COLUMN>23</COLUMN><FILENAME>ezusbsys.c</FILENAME><FILEPATH>c:\projects\bitwise\quickusb\library\driver\</FILEPATH></SFA><DEFECTCODE>28159</DEFECTCODE><DESCRIPTION>Consider using 'ExAllocatePoolWithTag' instead of 'ExAllocatePool'. Reason: No tag interferes with debugging..</DESCRIPTION><FUNCTION>IsFx2</FUNCTION><FUNCLINE>4779</FUNCLINE><PATH/></DEFECT>
<DEFECT _seq="59"><SFA><LINE>4864</LINE><COLUMN>23</COLUMN><FILENAME>ezusbsys.c</FILENAME><FILEPATH>c:\projects\bitwise\quickusb\library\driver\</FILEPATH></SFA><DEFECTCODE>28159</DEFECTCODE><DESCRIPTION>Consider using 'ExAllocatePoolWithTag' instead of 'ExAllocatePool'. Reason: No tag interferes with debugging..</DESCRIPTION><FUNCTION>Ezusb_SetFeature</FUNCTION><FUNCLINE>4840</FUNCLINE><PATH/></DEFECT>
<DEFECT _seq="60"><SFA><LINE>5037</LINE><COLUMN>28</COLUMN><FILENAME>ezusbsys.c</FILENAME><FILEPATH>c:\projects\bitwise\quickusb\library\driver\</FILEPATH></SFA><DEFECTCODE>28159</DEFECTCODE><DESCRIPTION>Consider using 'ExAllocatePoolWithTag' instead of 'ExAllocatePool'. Reason: No tag interferes with debugging..</DESCRIPTION><FUNCTION>Ezusb_Read_Write_Async</FUNCTION><FUNCLINE>4896</FUNCLINE><PATH/></DEFECT>
<DEFECT _seq="61"><SFA><LINE>5040</LINE><COLUMN>28</COLUMN><FILENAME>ezusbsys.c</FILENAME><FILEPATH>c:\projects\bitwise\quickusb\library\driver\</FILEPATH></SFA><DEFECTCODE>28159</DEFECTCODE><DESCRIPTION>Consider using 'ExAllocatePoolWithTag' instead of 'ExAllocatePool'. Reason: No tag interferes with debugging..</DESCRIPTION><FUNCTION>Ezusb_Read_Write_Async</FUNCTION><FUNCLINE>4896</FUNCLINE><PATH/></DEFECT>
<DEFECT _seq="62"><SFA><LINE>5055</LINE><COLUMN>26</COLUMN><FILENAME>ezusbsys.c</FILENAME><FILEPATH>c:\projects\bitwise\quickusb\library\driver\</FILEPATH></SFA><DEFECTCODE>28159</DEFECTCODE><DESCRIPTION>Consider using 'ExAllocatePoolWithTag' instead of 'ExAllocatePool'. Reason: No tag interferes with debugging..</DESCRIPTION><FUNCTION>Ezusb_Read_Write_Async</FUNCTION><FUNCLINE>4896</FUNCLINE><PATH/></DEFECT>
<DEFECT _seq="63"><SFA><LINE>128</LINE><COLUMN>46</COLUMN><FILENAME>ezusbsys.c</FILENAME><FILEPATH>c:\projects\bitwise\quickusb\library\driver\</FILEPATH></SFA><DEFECTCODE>28169</DEFECTCODE><DESCRIPTION>The dispatch function 'Ezusb_Create' does not have any __drv_dispatchType annotations:  This can be corrected by adding appropriate __drv_dispatchType annotations to the function. Unnecessary casts can cause this warning.</DESCRIPTION><FUNCTION>DriverEntry</FUNCTION><FUNCLINE>95</FUNCLINE><PATH/></DEFECT>
<DEFECT _seq="64"><SFA><LINE>129</LINE><COLUMN>45</COLUMN><FILENAME>ezusbsys.c</FILENAME><FILEPATH>c:\projects\bitwise\quickusb\library\driver\</FILEPATH></SFA><DEFECTCODE>28169</DEFECTCODE><DESCRIPTION>The dispatch function 'Ezusb_Close' does not have any __drv_dispatchType annotations:  This can be corrected by adding appropriate __drv_dispatchType annotations to the function. Unnecessary casts can cause this warning.</DESCRIPTION><FUNCTION>DriverEntry</FUNCTION><FUNCLINE>95</FUNCLINE><PATH/></DEFECT>
<DEFECT _seq="65"><SFA><LINE>132</LINE><COLUMN>54</COLUMN><FILENAME>ezusbsys.c</FILENAME><FILEPATH>c:\projects\bitwise\quickusb\library\driver\</FILEPATH></SFA><DEFECTCODE>28169</DEFECTCODE><DESCRIPTION>The dispatch function 'Ezusb_ProcessIOCTL' does not have any __drv_dispatchType annotations:  This can be corrected by adding appropriate __drv_dispatchType annotations to the function. Unnecessary casts can cause this warning.</DESCRIPTION><FUNCTION>DriverEntry</FUNCTION><FUNCLINE>95</FUNCLINE><PATH/></DEFECT>
<DEFECT _seq="66"><SFA><LINE>134</LINE><COLUMN>43</COLUMN><FILENAME>ezusbsys.c</FILENAME><FILEPATH>c:\projects\bitwise\quickusb\library\driver\</FILEPATH></SFA><DEFECTCODE>28169</DEFECTCODE><DESCRIPTION>The dispatch function 'Ezusb_DispatchPnp' does not have any __drv_dispatchType annotations:  This can be corrected by adding appropriate __drv_dispatchType annotations to the function. Unnecessary casts can cause this warning.</DESCRIPTION><FUNCTION>DriverEntry</FUNCTION><FUNCLINE>95</FUNCLINE><PATH/></DEFECT>
<DEFECT _seq="67"><SFA><LINE>135</LINE><COLUMN>45</COLUMN><FILENAME>ezusbsys.c</FILENAME><FILEPATH>c:\projects\bitwise\quickusb\library\driver\</FILEPATH></SFA><DEFECTCODE>28169</DEFECTCODE><DESCRIPTION>The dispatch function 'Ezusb_DispatchPower' does not have any __drv_dispatchType annotations:  This can be corrected by adding appropriate __drv_dispatchType annotations to the function. Unnecessary casts can cause this warning.</DESCRIPTION><FUNCTION>DriverEntry</FUNCTION><FUNCLINE>95</FUNCLINE><PATH/></DEFECT>
<DEFECT _seq="68"><SFA><LINE>3943</LINE><COLUMN>34</COLUMN><FILENAME>ezusbsys.c</FILENAME><FILEPATH>c:\projects\bitwise\quickusb\library\driver\</FILEPATH></SFA><DEFECTCODE>28193</DEFECTCODE><DESCRIPTION>'streamObject-&gt;TransferBuffer' holds a value that must be examined.</DESCRIPTION><FUNCTION>Ezusb_StartIsoTransfer</FUNCTION><FUNCLINE>3839</FUNCLINE><PATH><SFA><LINE>3844</LINE><COLUMN>30</COLUMN><FILENAME>ezusbsys.c</FILENAME><FILEPATH>c:\projects\bitwise\quickusb\library\driver\</FILEPATH></SFA><SFA><LINE>3845</LINE><COLUMN>30</COLUMN><FILENAME>ezusbsys.c</FILENAME><FILEPATH>c:\projects\bitwise\quickusb\library\driver\</FILEPATH></SFA><SFA><LINE>3846</LINE><COLUMN>30</COLUMN><FILENAME>ezusbsys.c</FILENAME><FILEPATH>c:\projects\bitwise\quickusb\library\driver\</FILEPATH></SFA><SFA><LINE>3848</LINE><COLUMN>30</COLUMN><FILENAME>ezusbsys.c</FILENAME><FILEPATH>c:\projects\bitwise\quickusb\library\driver\</FILEPATH></SFA><SFA><LINE>3850</LINE><COLUMN>30</COLUMN><FILENAME>ezusbsys.c</FILENAME><FILEPATH>c:\projects\bitwise\quickusb\library\driver\</FILEPATH></SFA><SFA><LINE>3851</LINE><COLUMN>31</COLUMN><FILENAME>ezusbsys.c</FILENAME><FILEPATH>c:\projects\bitwise\quickusb\library\driver\</FILEPATH></SFA><SFA><LINE>3852</LINE><COLUMN>30</COLUMN><FILENAME>ezusbsys.c</FILENAME><FILEPATH>c:\projects\bitwise\quickusb\library\driver\</FILEPATH></SFA><SFA><LINE>3853</LINE><COLUMN>30</COLUMN><FILENAME>ezusbsys.c</FILENAME><FILEPATH>c:\projects\bitwise\quickusb\library\driver\</FILEPATH></SFA><SFA><LINE>3854</LINE><COLUMN>30</COLUMN><FILENAME>ezusbsys.c</FILENAME><FILEPATH>c:\projects\bitwise\quickusb\library\driver\</FILEPATH></SFA><SFA><LINE>3855</LINE><COLUMN>30</COLUMN><FILENAME>ezusbsys.c</FILENAME><FILEPATH>c:\projects\bitwise\quickusb\library\driver\</FILEPATH></SFA><SFA><LINE>3861</LINE><COLUMN>17</COLUMN><FILENAME>ezusbsys.c</FILENAME><FILEPATH>c:\projects\bitwise\quickusb\library\driver\</FILEPATH></SFA><SFA><LINE>3863</LINE><COLUMN>7</COLUMN><FILENAME>ezusbsys.c</FILENAME><FILEPATH>c:\projects\bitwise\quickusb\library\driver\</FILEPATH></SFA><SFA><LINE>3869</LINE><COLUMN>27</COLUMN><FILENAME>ezusbsys.c</FILENAME><FILEPATH>c:\projects\bitwise\quickusb\library\driver\</FILEPATH></SFA><SFA><LINE>3875</LINE><COLUMN>12</COLUMN><FILENAME>ezusbsys.c</FILENAME><FILEPATH>c:\projects\bitwise\quickusb\library\driver\</FILEPATH></SFA><SFA><LINE>3877</LINE><COLUMN>7</COLUMN><FILENAME>ezusbsys.c</FILENAME><FILEPATH>c:\projects\bitwise\quickusb\library\driver\</FILEPATH></SFA><SFA><LINE>3883</LINE><COLUMN>14</COLUMN><FILENAME>ezusbsys.c</FILENAME><FILEPATH>c:\projects\bitwise\quickusb\library\driver\</FILEPATH></SFA><SFA><LINE>3885</LINE><COLUMN>7</COLUMN><FILENAME>ezusbsys.c</FILENAME><FILEPATH>c:\projects\bitwise\quickusb\library\driver\</FILEPATH></SFA><SFA><LINE>3896</LINE><COLUMN>31</COLUMN><FILENAME>ezusbsys.c</FILENAME><FILEPATH>c:\projects\bitwise\quickusb\library\driver\</FILEPATH></SFA><SFA><LINE>3908</LINE><COLUMN>14</COLUMN><FILENAME>ezusbsys.c</FILENAME><FILEPATH>c:\projects\bitwise\quickusb\library\driver\</FILEPATH></SFA><SFA><LINE>3910</LINE><COLUMN>20</COLUMN><FILENAME>ezusbsys.c</FILENAME><FILEPATH>c:\projects\bitwise\quickusb\library\driver\</FILEPATH></SFA><SFA><LINE>3919</LINE><COLUMN>16</COLUMN><FILENAME>ezusbsys.c</FILENAME><FILEPATH>c:\projects\bitwise\quickusb\library\driver\</FILEPATH></SFA><SFA><LINE>3921</LINE><COLUMN>7</COLUMN><FILENAME>ezusbsys.c</FILENAME><FILEPATH>c:\projects\bitwise\quickusb\library\driver\</FILEPATH></SFA><SFA><LINE>3932</LINE><COLUMN>33</COLUMN><FILENAME>ezusbsys.c</FILENAME><FILEPATH>c:\projects\bitwise\quickusb\library\driver\</FILEPATH></SFA><SFA><LINE>3937</LINE><COLUMN>29</COLUMN><FILENAME>ezusbsys.c</FILENAME><FILEPATH>c:\projects\bitwise\quickusb\library\driver\</FILEPATH></SFA><SFA><LINE>3939</LINE><COLUMN>30</COLUMN><FILENAME>ezusbsys.c</FILENAME><FILEPATH>c:\projects\bitwise\quickusb\library\driver\</FILEPATH></SFA><SFA><LINE>3940</LINE><COLUMN>26</COLUMN><FILENAME>ezusbsys.c</FILENAME><FILEPATH>c:\projects\bitwise\quickusb\library\driver\</FILEPATH></SFA><SFA><LINE>3941</LINE><COLUMN>28</COLUMN><FILENAME>ezusbsys.c</FILENAME><FILEPATH>c:\projects\bitwise\quickusb\library\driver\</FILEPATH></SFA><SFA><LINE>3942</LINE><COLUMN>28</COLUMN><FILENAME>ezusbsys.c</FILENAME><FILEPATH>c:\projects\bitwise\quickusb\library\driver\</FILEPATH></SFA><SFA><LINE>3943</LINE><COLUMN>32</COLUMN><FILENAME>ezusbsys.c</FILENAME><FILEPATH>c:\projects\bitwise\quickusb\library\driver\</FILEPATH></SFA><SFA><LINE>3945</LINE><COLUMN>38</COLUMN><FILENAME>ezusbsys.c</FILENAME><FILEPATH>c:\projects\bitwise\quickusb\library\driver\</FILEPATH></SFA><SFA><LINE>3946</LINE><COLUMN>37</COLUMN><FILENAME>ezusbsys.c</FILENAME><FILEPATH>c:\projects\bitwise\quickusb\library\driver\</FILEPATH></SFA><SFA><LINE>3948</LINE><COLUMN>32</COLUMN><FILENAME>ezusbsys.c</FILENAME><FILEPATH>c:\projects\bitwise\quickusb\library\driver\</FILEPATH></SFA><SFA><LINE>3951</LINE><COLUMN>7</COLUMN><FILENAME>ezusbsys.c</FILENAME><FILEPATH>c:\projects\bitwise\quickusb\library\driver\</FILEPATH></SFA><SFA><LINE>3957</LINE><COLUMN>9</COLUMN><FILENAME>ezusbsys.c</FILENAME><FILEPATH>c:\projects\bitwise\quickusb\library\driver\</FILEPATH></SFA><SFA><LINE>3957</LINE><COLUMN>15</COLUMN><FILENAME>ezusbsys.c</FILENAME><FILEPATH>c:\projects\bitwise\quickusb\library\driver\</FILEPATH></SFA><SFA><LINE>3962</LINE><COLUMN>9</COLUMN><FILENAME>ezusbsys.c</FILENAME><FILEPATH>c:\projects\bitwise\quickusb\library\driver\</FILEPATH></SFA><SFA><LINE>3962</LINE><COLUMN>15</COLUMN><FILENAME>ezusbsys.c</FILENAME><FILEPATH>c:\projects\bitwise\quickusb\library\driver\</FILEPATH></SFA><SFA><LINE>3971</LINE><COLUMN>9</COLUMN><FILENAME>ezusbsys.c</FILENAME><FILEPATH>c:\projects\bitwise\quickusb\library\driver\</FILEPATH></SFA><SFA><LINE>3971</LINE><COLUMN>15</COLUMN><FILENAME>ezusbsys.c</FILENAME><FILEPATH>c:\projects\bitwise\quickusb\library\driver\</FILEPATH></SFA><SFA><LINE>3984</LINE><COLUMN>13</COLUMN><FILENAME>ezusbsys.c</FILENAME><FILEPATH>c:\projects\bitwise\quickusb\library\driver\</FILEPATH></SFA><SFA><LINE>3985</LINE><COLUMN>13</COLUMN><FILENAME>ezusbsys.c</FILENAME><FILEPATH>c:\projects\bitwise\quickusb\library\driver\</FILEPATH></SFA><SFA><LINE>3987</LINE><COLUMN>3</COLUMN><FILENAME>ezusbsys.c</FILENAME><FILEPATH>c:\projects\bitwise\quickusb\library\driver\</FILEPATH></SFA></PATH></DEFECT>
<DEFECT _seq="69"><SFA><LINE>1042</LINE><COLUMN>11</COLUMN><FILENAME>ezusbsys.c</FILENAME><FILEPATH>c:\projects\bitwise\quickusb\library\driver\</FILEPATH></SFA><DEFECTCODE>28719</DEFECTCODE><DESCRIPTION>Banned API Usage:  swprintf is a Banned API as listed in dontuse.h for security purposes.</DESCRIPTION><FUNCTION>Ezusb_CreateDeviceObject</FUNCTION><FUNCLINE>1007</FUNCLINE><PATH/></DEFECT>
<DEFECT _seq="70"><SFA><LINE>1045</LINE><COLUMN>11</COLUMN><FILENAME>ezusbsys.c</FILENAME><FILEPATH>c:\projects\bitwise\quickusb\library\driver\</FILEPATH></SFA><DEFECTCODE>28719</DEFECTCODE><DESCRIPTION>Banned API Usage:  swprintf is a Banned API as listed in dontuse.h for security purposes.</DESCRIPTION><FUNCTION>Ezusb_CreateDeviceObject</FUNCTION><FUNCLINE>1007</FUNCLINE><PATH/></DEFECT>
<DEFECT _seq="71"><SFA><LINE>3634</LINE><COLUMN>9</COLUMN><FILENAME>ezusbsys.c</FILENAME><FILEPATH>c:\projects\bitwise\quickusb\library\driver\</FILEPATH></SFA><DEFECTCODE>28719</DEFECTCODE><DESCRIPTION>Banned API Usage:  sprintf is a Banned API as listed in dontuse.h for security purposes.</DESCRIPTION><FUNCTION>DumpBuffer</FUNCTION><FUNCLINE>3619</FUNCLINE><PATH/></DEFECT>
<DEFECT _seq="72"><SFA><LINE>3641</LINE><COLUMN>11</COLUMN><FILENAME>ezusbsys.c</FILENAME><FILEPATH>c:\projects\bitwise\quickusb\library\driver\</FILEPATH></SFA><DEFECTCODE>28719</DEFECTCODE><DESCRIPTION>Banned API Usage:  sprintf is a Banned API as listed in dontuse.h for security purposes.</DESCRIPTION><FUNCTION>DumpBuffer</FUNCTION><FUNCLINE>3619</FUNCLINE><PATH/></DEFECT>
<DEFECT _seq="73"><SFA><LINE>3644</LINE><COLUMN>10</COLUMN><FILENAME>ezusbsys.c</FILENAME><FILEPATH>c:\projects\bitwise\quickusb\library\driver\</FILEPATH></SFA><DEFECTCODE>28719</DEFECTCODE><DESCRIPTION>Banned API Usage:  strcat is a Banned API as listed in dontuse.h for security purposes.</DESCRIPTION><FUNCTION>DumpBuffer</FUNCTION><FUNCLINE>3619</FUNCLINE><PATH/></DEFECT>
</DEFECTS>
