﻿<?xml version="1.0" encoding="utf-8"?>
<dpinst>
  <search>
    <subDirectory>*</subDirectory>
  </search>
  <language code="0x0409">
    <dpinstTitle>Bitwise Systems QuickUSB Driver Installer</dpinstTitle>
    <welcomeTitle>Bitwise Systems QuickUSB Driver v2.14.0</welcomeTitle>
    <welcomeIntro>This wizard will walk you through installing the QuickUSB device drivers.</welcomeIntro>
    <eulaHeaderTitle>Software License Agreement</eulaHeaderTitle>
    <eulaYesButton>I &amp;accept the terms in the SLA</eulaYesButton>
    <eulaNoButton>I do &amp;not accept the terms in the SLA</eulaNoButton>
    <installHeaderTitle>Please wait while the wizard installs the QuickUSB driver...</installHeaderTitle>
    <finishTitle>QuickUSB Driver Install Complete</finishTitle>
    <eula type="txt" path="QuickUSB SLA.txt" />
  </language>
  <icon>QuickUSB.ico</icon>
</dpinst>