<?xml version="1.0" encoding="UTF-8"?>
<DEFECTS>
<OACRDEFECTCOUNT>73</OACRDEFECTCOUNT>
<OACRERRORCOUNT>0</OACRERRORCOUNT>
<DEFECT _seq="1"><SFA><LINE>95</LINE><COLUMN>0</COLUMN><FILENAME>ezusbsys.c</FILENAME><FILEPATH>c:\projects\bitwise\quickusb\library\driver\</FILEPATH></SFA><DEFECTCODE>28101</DEFECTCODE><DESCRIPTION>The Drivers module has inferred that the current function is a DRIVER_INITIALIZE function:  This is informational only. No problem has been detected.</DESCRIPTION><FUNCTION>DriverEntry</FUNCTION><FUNCLINE>95</FUNCLINE><PATH/></DEFECT>
<DEFECT _seq="2"><SFA><LINE>987</LINE><COLUMN>29</COLUMN><FILENAME>ezusbsys.c</FILENAME><FILEPATH>c:\projects\bitwise\quickusb\library\driver\</FILEPATH></SFA><DEFECTCODE>28107</DEFECTCODE><DESCRIPTION>The Memory 'deviceObject' must be held when calling 'IoAttachDeviceToDeviceStack'.</DESCRIPTION><FUNCTION>Ezusb_PnPAddDevice</FUNCTION><FUNCLINE>919</FUNCLINE><PATH><SFA><LINE>937</LINE><COLUMN>27</COLUMN><FILENAME>ezusbsys.c</FILENAME><FILEPATH>c:\projects\bitwise\quickusb\library\driver\</FILEPATH></SFA><SFA><LINE>938</LINE><COLUMN>27</COLUMN><FILENAME>ezusbsys.c</FILENAME><FILEPATH>c:\projects\bitwise\quickusb\library\driver\</FILEPATH></SFA><SFA><LINE>939</LINE><COLUMN>27</COLUMN><FILENAME>ezusbsys.c</FILENAME><FILEPATH>c:\projects\bitwise\quickusb\library\driver\</FILEPATH></SFA><SFA><LINE>940</LINE><COLUMN>7</COLUMN><FILENAME>ezusbsys.c</FILENAME><FILEPATH>c:\projects\bitwise\quickusb\library\driver\</FILEPATH></SFA><SFA><LINE>942</LINE><COLUMN>3</COLUMN><FILENAME>ezusbsys.c</FILENAME><FILEPATH>c:\projects\bitwise\quickusb\library\driver\</FILEPATH></SFA><SFA><LINE>951</LINE><COLUMN>12</COLUMN><FILENAME>ezusbsys.c</FILENAME><FILEPATH>c:\projects\bitwise\quickusb\library\driver\</FILEPATH></SFA><SFA><LINE>954</LINE><COLUMN>15</COLUMN><FILENAME>ezusbsys.c</FILENAME><FILEPATH>c:\projects\bitwise\quickusb\library\driver\</FILEPATH></SFA><SFA><LINE>955</LINE><COLUMN>14</COLUMN><FILENAME>ezusbsys.c</FILENAME><FILEPATH>c:\projects\bitwise\quickusb\library\driver\</FILEPATH></SFA><SFA><LINE>956</LINE><COLUMN>34</COLUMN><FILENAME>ezusbsys.c</FILENAME><FILEPATH>c:\projects\bitwise\quickusb\library\driver\</FILEPATH></SFA><SFA><LINE>958</LINE><COLUMN>7</COLUMN><FILENAME>ezusbsys.c</FILENAME><FILEPATH>c:\projects\bitwise\quickusb\library\driver\</FILEPATH></SFA><SFA><LINE>960</LINE><COLUMN>10</COLUMN><FILENAME>ezusbsys.c</FILENAME><FILEPATH>c:\projects\bitwise\quickusb\library\driver\</FILEPATH></SFA><SFA><LINE>968</LINE><COLUMN>26</COLUMN><FILENAME>ezusbsys.c</FILENAME><FILEPATH>c:\projects\bitwise\quickusb\library\driver\</FILEPATH></SFA><SFA><LINE>973</LINE><COLUMN>26</COLUMN><FILENAME>ezusbsys.c</FILENAME><FILEPATH>c:\projects\bitwise\quickusb\library\driver\</FILEPATH></SFA><SFA><LINE>975</LINE><COLUMN>26</COLUMN><FILENAME>ezusbsys.c</FILENAME><FILEPATH>c:\projects\bitwise\quickusb\library\driver\</FILEPATH></SFA><SFA><LINE>981</LINE><COLUMN>32</COLUMN><FILENAME>ezusbsys.c</FILENAME><FILEPATH>c:\projects\bitwise\quickusb\library\driver\</FILEPATH></SFA><SFA><LINE>987</LINE><COLUMN>29</COLUMN><FILENAME>ezusbsys.c</FILENAME><FILEPATH>c:\projects\bitwise\quickusb\library\driver\</FILEPATH></SFA></PATH></DEFECT>
<DEFECT _seq="3"><SFA><LINE>504</LINE><COLUMN>3</COLUMN><FILENAME>ezusbsys.c</FILENAME><FILEPATH>c:\projects\bitwise\quickusb\library\driver\</FILEPATH></SFA><DEFECTCODE>28114</DEFECTCODE><DESCRIPTION>Copying a whole IRP stack entry leaves certain fields initialized that should be cleared or updated:  Use IoCopyCurrentIrpStackLocationToNext to accomplish this.</DESCRIPTION><FUNCTION>Ezusb_DispatchPower</FUNCTION><FUNCLINE>396</FUNCLINE><PATH/></DEFECT>
<DEFECT _seq="4"><SFA><LINE>128</LINE><COLUMN>46</COLUMN><FILENAME>ezusbsys.c</FILENAME><FILEPATH>c:\projects\bitwise\quickusb\library\driver\</FILEPATH></SFA><DEFECTCODE>28155</DEFECTCODE><DESCRIPTION>The function being assigned or passed should be a DRIVER_DISPATCH function:  Add the declaration 'DRIVER_DISPATCH Ezusb_Create;' before the current first declaration of Ezusb_Create.</DESCRIPTION><FUNCTION>DriverEntry</FUNCTION><FUNCLINE>95</FUNCLINE><PATH/></DEFECT>
<DEFECT _seq="5"><SFA><LINE>129</LINE><COLUMN>45</COLUMN><FILENAME>ezusbsys.c</FILENAME><FILEPATH>c:\projects\bitwise\quickusb\library\driver\</FILEPATH></SFA><DEFECTCODE>28155</DEFECTCODE><DESCRIPTION>The function being assigned or passed should be a DRIVER_DISPATCH function:  Add the declaration 'DRIVER_DISPATCH Ezusb_Close;' before the current first declaration of Ezusb_Close.</DESCRIPTION><FUNCTION>DriverEntry</FUNCTION><FUNCLINE>95</FUNCLINE><PATH/></DEFECT>
<DEFECT _seq="6"><SFA><LINE>130</LINE><COLUMN>30</COLUMN><FILENAME>ezusbsys.c</FILENAME><FILEPATH>c:\projects\bitwise\quickusb\library\driver\</FILEPATH></SFA><DEFECTCODE>28155</DEFECTCODE><DESCRIPTION>The function being assigned or passed should be a DRIVER_UNLOAD function:  Add the declaration 'DRIVER_UNLOAD Ezusb_Unload;' before the current first declaration of Ezusb_Unload.</DESCRIPTION><FUNCTION>DriverEntry</FUNCTION><FUNCLINE>95</FUNCLINE><PATH/></DEFECT>
<DEFECT _seq="7"><SFA><LINE>132</LINE><COLUMN>54</COLUMN><FILENAME>ezusbsys.c</FILENAME><FILEPATH>c:\projects\bitwise\quickusb\library\driver\</FILEPATH></SFA><DEFECTCODE>28155</DEFECTCODE><DESCRIPTION>The function being assigned or passed should be a DRIVER_DISPATCH function:  Add the declaration 'DRIVER_DISPATCH Ezusb_ProcessIOCTL;' before the current first declaration of Ezusb_ProcessIOCTL.</DESCRIPTION><FUNCTION>DriverEntry</FUNCTION><FUNCLINE>95</FUNCLINE><PATH/></DEFECT>
<DEFECT _seq="8"><SFA><LINE>134</LINE><COLUMN>43</COLUMN><FILENAME>ezusbsys.c</FILENAME><FILEPATH>c:\projects\bitwise\quickusb\library\driver\</FILEPATH></SFA><DEFECTCODE>28155</DEFECTCODE><DESCRIPTION>The function being assigned or passed should be a DRIVER_DISPATCH function:  Add the declaration 'DRIVER_DISPATCH Ezusb_DispatchPnp;' before the current first declaration of Ezusb_DispatchPnp.</DESCRIPTION><FUNCTION>DriverEntry</FUNCTION><FUNCLINE>95</FUNCLINE><PATH/></DEFECT>
<DEFECT _seq="9"><SFA><LINE>135</LINE><COLUMN>45</COLUMN><FILENAME>ezusbsys.c</FILENAME><FILEPATH>c:\projects\bitwise\quickusb\library\driver\</FILEPATH></SFA><DEFECTCODE>28155</DEFECTCODE><DESCRIPTION>The function being assigned or passed should be a DRIVER_DISPATCH function:  Add the declaration 'DRIVER_DISPATCH Ezusb_DispatchPower;' before the current first declaration of Ezusb_DispatchPower.</DESCRIPTION><FUNCTION>DriverEntry</FUNCTION><FUNCLINE>95</FUNCLINE><PATH/></DEFECT>
<DEFECT _seq="10"><SFA><LINE>136</LINE><COLUMN>44</COLUMN><FILENAME>ezusbsys.c</FILENAME><FILEPATH>c:\projects\bitwise\quickusb\library\driver\</FILEPATH></SFA><DEFECTCODE>28155</DEFECTCODE><DESCRIPTION>The function being assigned or passed should be a DRIVER_ADD_DEVICE function:  Add the declaration 'DRIVER_ADD_DEVICE Ezusb_PnPAddDevice;' before the current first declaration of Ezusb_PnPAddDevice.</DESCRIPTION><FUNCTION>DriverEntry</FUNCTION><FUNCLINE>95</FUNCLINE><PATH/></DEFECT>
<DEFECT _seq="11"><SFA><LINE>231</LINE><COLUMN>54</COLUMN><FILENAME>ezusbsys.c</FILENAME><FILEPATH>c:\projects\bitwise\quickusb\library\driver\</FILEPATH></SFA><DEFECTCODE>28155</DEFECTCODE><DESCRIPTION>The function being assigned or passed should be a IO_COMPLETION_ROUTINE function:  Add the declaration 'IO_COMPLETION_ROUTINE OnRequestComplete;' before the current first declaration of OnRequestComplete.</DESCRIPTION><FUNCTION>ForwardAndWait</FUNCTION><FUNCLINE>195</FUNCLINE><PATH/></DEFECT>
<DEFECT _seq="12"><SFA><LINE>3820</LINE><COLUMN>13</COLUMN><FILENAME>ezusbsys.c</FILENAME><FILEPATH>c:\projects\bitwise\quickusb\library\driver\</FILEPATH></SFA><DEFECTCODE>28155</DEFECTCODE><DESCRIPTION>The function being assigned or passed should be a IO_COMPLETION_ROUTINE function:  Add the declaration 'IO_COMPLETION_ROUTINE IsoTransferComplete;' before the current first declaration of IsoTransferComplete.</DESCRIPTION><FUNCTION>IsoTransferComplete</FUNCTION><FUNCLINE>3734</FUNCLINE><PATH/></DEFECT>
<DEFECT _seq="13"><SFA><LINE>4084</LINE><COLUMN>13</COLUMN><FILENAME>ezusbsys.c</FILENAME><FILEPATH>c:\projects\bitwise\quickusb\library\driver\</FILEPATH></SFA><DEFECTCODE>28155</DEFECTCODE><DESCRIPTION>The function being assigned or passed should be a IO_COMPLETION_ROUTINE function:  Add the declaration 'IO_COMPLETION_ROUTINE IsoStreamTransferComplete;' before the current first declaration of IsoStreamTransferComplete.</DESCRIPTION><FUNCTION>IsoStreamTransferComplete</FUNCTION><FUNCLINE>3999</FUNCLINE><PATH/></DEFECT>
<DEFECT _seq="14"><SFA><LINE>4242</LINE><COLUMN>29</COLUMN><FILENAME>ezusbsys.c</FILENAME><FILEPATH>c:\projects\bitwise\quickusb\library\driver\</FILEPATH></SFA><DEFECTCODE>28155</DEFECTCODE><DESCRIPTION>The function being assigned or passed should be a IO_COMPLETION_ROUTINE function:  Add the declaration 'IO_COMPLETION_ROUTINE IsoStreamTransferComplete;' before the current first declaration of IsoStreamTransferComplete.</DESCRIPTION><FUNCTION>Ezusb_StartIsoStream</FUNCTION><FUNCLINE>4123</FUNCLINE><PATH/></DEFECT>
<DEFECT _seq="15"><SFA><LINE>4328</LINE><COLUMN>26</COLUMN><FILENAME>ezusbsys.c</FILENAME><FILEPATH>c:\projects\bitwise\quickusb\library\driver\</FILEPATH></SFA><DEFECTCODE>28155</DEFECTCODE><DESCRIPTION>The function being assigned or passed should be a IO_COMPLETION_ROUTINE function:  Add the declaration 'IO_COMPLETION_ROUTINE IsoTransferComplete;' before the current first declaration of IsoTransferComplete.</DESCRIPTION><FUNCTION>InitTransferObject</FUNCTION><FUNCLINE>4262</FUNCLINE><PATH/></DEFECT>
<DEFECT _seq="16"><SFA><LINE>5126</LINE><COLUMN>40</COLUMN><FILENAME>ezusbsys.c</FILENAME><FILEPATH>c:\projects\bitwise\quickusb\library\driver\</FILEPATH></SFA><DEFECTCODE>28155</DEFECTCODE><DESCRIPTION>The function being assigned or passed should be a IO_COMPLETION_ROUTINE function:  Add the declaration 'IO_COMPLETION_ROUTINE Ezusb_BulkCompletionRoutine;' before the current first declaration of Ezusb_BulkCompletionRoutine.</DESCRIPTION><FUNCTION>Ezusb_Read_Write_Async</FUNCTION><FUNCLINE>4905</FUNCLINE><PATH/></DEFECT>
<DEFECT _seq="17"><SFA><LINE>674</LINE><COLUMN>24</COLUMN><FILENAME>ezusbsys.c</FILENAME><FILEPATH>c:\projects\bitwise\quickusb\library\driver\</FILEPATH></SFA><DEFECTCODE>28159</DEFECTCODE><DESCRIPTION>Consider using 'ExAllocatePoolWithTag' instead of 'ExAllocatePool'. Reason: No tag interferes with debugging..</DESCRIPTION><FUNCTION>Ezusb_StartDevice</FUNCTION><FUNCLINE>642</FUNCLINE><PATH/></DEFECT>
<DEFECT _seq="18"><SFA><LINE>682</LINE><COLUMN>41</COLUMN><FILENAME>ezusbsys.c</FILENAME><FILEPATH>c:\projects\bitwise\quickusb\library\driver\</FILEPATH></SFA><DEFECTCODE>28159</DEFECTCODE><DESCRIPTION>Consider using 'ExAllocatePoolWithTag' instead of 'ExAllocatePool'. Reason: No tag interferes with debugging..</DESCRIPTION><FUNCTION>Ezusb_StartDevice</FUNCTION><FUNCLINE>642</FUNCLINE><PATH/></DEFECT>
<DEFECT _seq="19"><SFA><LINE>890</LINE><COLUMN>23</COLUMN><FILENAME>ezusbsys.c</FILENAME><FILEPATH>c:\projects\bitwise\quickusb\library\driver\</FILEPATH></SFA><DEFECTCODE>28159</DEFECTCODE><DESCRIPTION>Consider using 'ExAllocatePoolWithTag' instead of 'ExAllocatePool'. Reason: No tag interferes with debugging..</DESCRIPTION><FUNCTION>Ezusb_StopDevice</FUNCTION><FUNCLINE>858</FUNCLINE><PATH/></DEFECT>
<DEFECT _seq="20"><SFA><LINE>1117</LINE><COLUMN>42</COLUMN><FILENAME>ezusbsys.c</FILENAME><FILEPATH>c:\projects\bitwise\quickusb\library\driver\</FILEPATH></SFA><DEFECTCODE>28159</DEFECTCODE><DESCRIPTION>Consider using 'compiler support for 64 bit' instead of 'RtlLargeIntegerNegate'. Reason: Obsolete.</DESCRIPTION><FUNCTION>Ezusb_CreateDeviceObject</FUNCTION><FUNCLINE>1007</FUNCLINE><PATH/></DEFECT>
<DEFECT _seq="21"><SFA><LINE>1312</LINE><COLUMN>23</COLUMN><FILENAME>ezusbsys.c</FILENAME><FILEPATH>c:\projects\bitwise\quickusb\library\driver\</FILEPATH></SFA><DEFECTCODE>28159</DEFECTCODE><DESCRIPTION>Consider using 'ExAllocatePoolWithTag' instead of 'ExAllocatePool'. Reason: No tag interferes with debugging..</DESCRIPTION><FUNCTION>Ezusb_ConfigureDevice</FUNCTION><FUNCLINE>1284</FUNCLINE><PATH/></DEFECT>
<DEFECT _seq="22"><SFA><LINE>1324</LINE><COLUMN>48</COLUMN><FILENAME>ezusbsys.c</FILENAME><FILEPATH>c:\projects\bitwise\quickusb\library\driver\</FILEPATH></SFA><DEFECTCODE>28159</DEFECTCODE><DESCRIPTION>Consider using 'ExAllocatePoolWithTag' instead of 'ExAllocatePool'. Reason: No tag interferes with debugging..</DESCRIPTION><FUNCTION>Ezusb_ConfigureDevice</FUNCTION><FUNCLINE>1284</FUNCLINE><PATH/></DEFECT>
<DEFECT _seq="23"><SFA><LINE>1362</LINE><COLUMN>48</COLUMN><FILENAME>ezusbsys.c</FILENAME><FILEPATH>c:\projects\bitwise\quickusb\library\driver\</FILEPATH></SFA><DEFECTCODE>28159</DEFECTCODE><DESCRIPTION>Consider using 'ExAllocatePoolWithTag' instead of 'ExAllocatePool'. Reason: No tag interferes with debugging..</DESCRIPTION><FUNCTION>Ezusb_ConfigureDevice</FUNCTION><FUNCLINE>1284</FUNCLINE><PATH/></DEFECT>
<DEFECT _seq="24"><SFA><LINE>1517</LINE><COLUMN>37</COLUMN><FILENAME>ezusbsys.c</FILENAME><FILEPATH>c:\projects\bitwise\quickusb\library\driver\</FILEPATH></SFA><DEFECTCODE>28159</DEFECTCODE><DESCRIPTION>Consider using 'ExAllocatePoolWithTag' instead of 'ExAllocatePool'. Reason: No tag interferes with debugging..</DESCRIPTION><FUNCTION>Ezusb_SelectInterfaces</FUNCTION><FUNCLINE>1431</FUNCLINE><PATH/></DEFECT>
<DEFECT _seq="25"><SFA><LINE>1646</LINE><COLUMN>23</COLUMN><FILENAME>ezusbsys.c</FILENAME><FILEPATH>c:\projects\bitwise\quickusb\library\driver\</FILEPATH></SFA><DEFECTCODE>28159</DEFECTCODE><DESCRIPTION>Consider using 'ExAllocatePoolWithTag' instead of 'ExAllocatePool'. Reason: No tag interferes with debugging..</DESCRIPTION><FUNCTION>Ezusb_Read_Write</FUNCTION><FUNCLINE>1559</FUNCLINE><PATH/></DEFECT>
<DEFECT _seq="26"><SFA><LINE>1897</LINE><COLUMN>29</COLUMN><FILENAME>ezusbsys.c</FILENAME><FILEPATH>c:\projects\bitwise\quickusb\library\driver\</FILEPATH></SFA><DEFECTCODE>28159</DEFECTCODE><DESCRIPTION>Consider using 'ExAllocatePoolWithTag' instead of 'ExAllocatePool'. Reason: No tag interferes with debugging..</DESCRIPTION><FUNCTION>Ezusb_ProcessIOCTL</FUNCTION><FUNCLINE>1818</FUNCLINE><PATH/></DEFECT>
<DEFECT _seq="27"><SFA><LINE>1954</LINE><COLUMN>53</COLUMN><FILENAME>ezusbsys.c</FILENAME><FILEPATH>c:\projects\bitwise\quickusb\library\driver\</FILEPATH></SFA><DEFECTCODE>28159</DEFECTCODE><DESCRIPTION>Consider using 'MmMapLockedPagesSpecifyCache' instead of 'MmMapLockedPages'. Reason: Obsolete except on Windows 98.  Use MmGetSystemAddressForMdlSafe if this is a call to MmGetSystemAddressForMdl..</DESCRIPTION><FUNCTION>Ezusb_ProcessIOCTL</FUNCTION><FUNCLINE>1818</FUNCLINE><PATH/></DEFECT>
<DEFECT _seq="28"><SFA><LINE>2133</LINE><COLUMN>45</COLUMN><FILENAME>ezusbsys.c</FILENAME><FILEPATH>c:\projects\bitwise\quickusb\library\driver\</FILEPATH></SFA><DEFECTCODE>28159</DEFECTCODE><DESCRIPTION>Consider using 'compiler support for 64 bit' instead of 'RtlLargeIntegerNegate'. Reason: Obsolete.</DESCRIPTION><FUNCTION>Ezusb_ProcessIOCTL</FUNCTION><FUNCLINE>1818</FUNCLINE><PATH/></DEFECT>
<DEFECT _seq="29"><SFA><LINE>2283</LINE><COLUMN>43</COLUMN><FILENAME>ezusbsys.c</FILENAME><FILEPATH>c:\projects\bitwise\quickusb\library\driver\</FILEPATH></SFA><DEFECTCODE>28159</DEFECTCODE><DESCRIPTION>Consider using 'MmMapLockedPagesSpecifyCache' instead of 'MmMapLockedPages'. Reason: Obsolete except on Windows 98.  Use MmGetSystemAddressForMdlSafe if this is a call to MmGetSystemAddressForMdl..</DESCRIPTION><FUNCTION>Ezusb_ProcessIOCTL</FUNCTION><FUNCLINE>1818</FUNCLINE><PATH/></DEFECT>
<DEFECT _seq="30"><SFA><LINE>2289</LINE><COLUMN>53</COLUMN><FILENAME>ezusbsys.c</FILENAME><FILEPATH>c:\projects\bitwise\quickusb\library\driver\</FILEPATH></SFA><DEFECTCODE>28159</DEFECTCODE><DESCRIPTION>Consider using 'MmMapLockedPagesSpecifyCache' instead of 'MmMapLockedPages'. Reason: Obsolete except on Windows 98.  Use MmGetSystemAddressForMdlSafe if this is a call to MmGetSystemAddressForMdl..</DESCRIPTION><FUNCTION>Ezusb_ProcessIOCTL</FUNCTION><FUNCLINE>1818</FUNCLINE><PATH/></DEFECT>
<DEFECT _seq="31"><SFA><LINE>2378</LINE><COLUMN>23</COLUMN><FILENAME>ezusbsys.c</FILENAME><FILEPATH>c:\projects\bitwise\quickusb\library\driver\</FILEPATH></SFA><DEFECTCODE>28159</DEFECTCODE><DESCRIPTION>Consider using 'ExAllocatePoolWithTag' instead of 'ExAllocatePool'. Reason: No tag interferes with debugging..</DESCRIPTION><FUNCTION>Ezusb_GetDescriptor</FUNCTION><FUNCLINE>2348</FUNCLINE><PATH/></DEFECT>
<DEFECT _seq="32"><SFA><LINE>2536</LINE><COLUMN>23</COLUMN><FILENAME>ezusbsys.c</FILENAME><FILEPATH>c:\projects\bitwise\quickusb\library\driver\</FILEPATH></SFA><DEFECTCODE>28159</DEFECTCODE><DESCRIPTION>Consider using 'ExAllocatePoolWithTag' instead of 'ExAllocatePool'. Reason: No tag interferes with debugging..</DESCRIPTION><FUNCTION>Ezusb_GetStringDescriptor</FUNCTION><FUNCLINE>2506</FUNCLINE><PATH/></DEFECT>
<DEFECT _seq="33"><SFA><LINE>2620</LINE><COLUMN>23</COLUMN><FILENAME>ezusbsys.c</FILENAME><FILEPATH>c:\projects\bitwise\quickusb\library\driver\</FILEPATH></SFA><DEFECTCODE>28159</DEFECTCODE><DESCRIPTION>Consider using 'ExAllocatePoolWithTag' instead of 'ExAllocatePool'. Reason: No tag interferes with debugging..</DESCRIPTION><FUNCTION>Ezusb_VendorRequest2</FUNCTION><FUNCLINE>2586</FUNCLINE><PATH/></DEFECT>
<DEFECT _seq="34"><SFA><LINE>2718</LINE><COLUMN>24</COLUMN><FILENAME>ezusbsys.c</FILENAME><FILEPATH>c:\projects\bitwise\quickusb\library\driver\</FILEPATH></SFA><DEFECTCODE>28159</DEFECTCODE><DESCRIPTION>Consider using 'ExAllocatePoolWithTag' instead of 'ExAllocatePool'. Reason: No tag interferes with debugging..</DESCRIPTION><FUNCTION>Ezusb_VendorRequest</FUNCTION><FUNCLINE>2706</FUNCLINE><PATH/></DEFECT>
<DEFECT _seq="35"><SFA><LINE>2755</LINE><COLUMN>35</COLUMN><FILENAME>ezusbsys.c</FILENAME><FILEPATH>c:\projects\bitwise\quickusb\library\driver\</FILEPATH></SFA><DEFECTCODE>28159</DEFECTCODE><DESCRIPTION>Consider using 'ExAllocatePoolWithTag' instead of 'ExAllocatePool'. Reason: No tag interferes with debugging..</DESCRIPTION><FUNCTION>Ezusb_VendorRequest</FUNCTION><FUNCLINE>2706</FUNCLINE><PATH/></DEFECT>
<DEFECT _seq="36"><SFA><LINE>2845</LINE><COLUMN>23</COLUMN><FILENAME>ezusbsys.c</FILENAME><FILEPATH>c:\projects\bitwise\quickusb\library\driver\</FILEPATH></SFA><DEFECTCODE>28159</DEFECTCODE><DESCRIPTION>Consider using 'ExAllocatePoolWithTag' instead of 'ExAllocatePool'. Reason: No tag interferes with debugging..</DESCRIPTION><FUNCTION>Ezusb_ResetPipe</FUNCTION><FUNCLINE>2798</FUNCLINE><PATH/></DEFECT>
<DEFECT _seq="37"><SFA><LINE>2902</LINE><COLUMN>23</COLUMN><FILENAME>ezusbsys.c</FILENAME><FILEPATH>c:\projects\bitwise\quickusb\library\driver\</FILEPATH></SFA><DEFECTCODE>28159</DEFECTCODE><DESCRIPTION>Consider using 'ExAllocatePoolWithTag' instead of 'ExAllocatePool'. Reason: No tag interferes with debugging..</DESCRIPTION><FUNCTION>Ezusb_AbortPipe</FUNCTION><FUNCLINE>2879</FUNCLINE><PATH/></DEFECT>
<DEFECT _seq="38"><SFA><LINE>2952</LINE><COLUMN>23</COLUMN><FILENAME>ezusbsys.c</FILENAME><FILEPATH>c:\projects\bitwise\quickusb\library\driver\</FILEPATH></SFA><DEFECTCODE>28159</DEFECTCODE><DESCRIPTION>Consider using 'ExAllocatePoolWithTag' instead of 'ExAllocatePool'. Reason: No tag interferes with debugging..</DESCRIPTION><FUNCTION>Ezusb_GetCurrentFrameNumber</FUNCTION><FUNCLINE>2939</FUNCLINE><PATH/></DEFECT>
<DEFECT _seq="39"><SFA><LINE>3177</LINE><COLUMN>24</COLUMN><FILENAME>ezusbsys.c</FILENAME><FILEPATH>c:\projects\bitwise\quickusb\library\driver\</FILEPATH></SFA><DEFECTCODE>28159</DEFECTCODE><DESCRIPTION>Consider using 'ExAllocatePoolWithTag' instead of 'ExAllocatePool'. Reason: No tag interferes with debugging..</DESCRIPTION><FUNCTION>Ezusb_DownloadTest</FUNCTION><FUNCLINE>3162</FUNCLINE><PATH/></DEFECT>
<DEFECT _seq="40"><SFA><LINE>3180</LINE><COLUMN>28</COLUMN><FILENAME>ezusbsys.c</FILENAME><FILEPATH>c:\projects\bitwise\quickusb\library\driver\</FILEPATH></SFA><DEFECTCODE>28159</DEFECTCODE><DESCRIPTION>Consider using 'ExAllocatePoolWithTag' instead of 'ExAllocatePool'. Reason: No tag interferes with debugging..</DESCRIPTION><FUNCTION>Ezusb_DownloadTest</FUNCTION><FUNCLINE>3162</FUNCLINE><PATH/></DEFECT>
<DEFECT _seq="41"><SFA><LINE>3181</LINE><COLUMN>28</COLUMN><FILENAME>ezusbsys.c</FILENAME><FILEPATH>c:\projects\bitwise\quickusb\library\driver\</FILEPATH></SFA><DEFECTCODE>28159</DEFECTCODE><DESCRIPTION>Consider using 'ExAllocatePoolWithTag' instead of 'ExAllocatePool'. Reason: No tag interferes with debugging..</DESCRIPTION><FUNCTION>Ezusb_DownloadTest</FUNCTION><FUNCLINE>3162</FUNCLINE><PATH/></DEFECT>
<DEFECT _seq="42"><SFA><LINE>3293</LINE><COLUMN>24</COLUMN><FILENAME>ezusbsys.c</FILENAME><FILEPATH>c:\projects\bitwise\quickusb\library\driver\</FILEPATH></SFA><DEFECTCODE>28159</DEFECTCODE><DESCRIPTION>Consider using 'ExAllocatePoolWithTag' instead of 'ExAllocatePool'. Reason: No tag interferes with debugging..</DESCRIPTION><FUNCTION>GetConfigDescriptor</FUNCTION><FUNCLINE>3266</FUNCLINE><PATH/></DEFECT>
<DEFECT _seq="43"><SFA><LINE>3303</LINE><COLUMN>48</COLUMN><FILENAME>ezusbsys.c</FILENAME><FILEPATH>c:\projects\bitwise\quickusb\library\driver\</FILEPATH></SFA><DEFECTCODE>28159</DEFECTCODE><DESCRIPTION>Consider using 'ExAllocatePoolWithTag' instead of 'ExAllocatePool'. Reason: No tag interferes with debugging..</DESCRIPTION><FUNCTION>GetConfigDescriptor</FUNCTION><FUNCLINE>3266</FUNCLINE><PATH/></DEFECT>
<DEFECT _seq="44"><SFA><LINE>3543</LINE><COLUMN>23</COLUMN><FILENAME>ezusbsys.c</FILENAME><FILEPATH>c:\projects\bitwise\quickusb\library\driver\</FILEPATH></SFA><DEFECTCODE>28159</DEFECTCODE><DESCRIPTION>Consider using 'ExAllocatePoolWithTag' instead of 'ExAllocatePool'. Reason: No tag interferes with debugging..</DESCRIPTION><FUNCTION>SetInterface</FUNCTION><FUNCLINE>3491</FUNCLINE><PATH/></DEFECT>
<DEFECT _seq="45"><SFA><LINE>3599</LINE><COLUMN>37</COLUMN><FILENAME>ezusbsys.c</FILENAME><FILEPATH>c:\projects\bitwise\quickusb\library\driver\</FILEPATH></SFA><DEFECTCODE>28159</DEFECTCODE><DESCRIPTION>Consider using 'ExAllocatePoolWithTag' instead of 'ExAllocatePool'. Reason: No tag interferes with debugging..</DESCRIPTION><FUNCTION>SetInterface</FUNCTION><FUNCLINE>3491</FUNCLINE><PATH/></DEFECT>
<DEFECT _seq="46"><SFA><LINE>3928</LINE><COLUMN>32</COLUMN><FILENAME>ezusbsys.c</FILENAME><FILEPATH>c:\projects\bitwise\quickusb\library\driver\</FILEPATH></SFA><DEFECTCODE>28159</DEFECTCODE><DESCRIPTION>Consider using 'ExAllocatePoolWithTag' instead of 'ExAllocatePool'. Reason: No tag interferes with debugging..</DESCRIPTION><FUNCTION>Ezusb_StartIsoTransfer</FUNCTION><FUNCLINE>3848</FUNCLINE><PATH/></DEFECT>
<DEFECT _seq="47"><SFA><LINE>3952</LINE><COLUMN>34</COLUMN><FILENAME>ezusbsys.c</FILENAME><FILEPATH>c:\projects\bitwise\quickusb\library\driver\</FILEPATH></SFA><DEFECTCODE>28159</DEFECTCODE><DESCRIPTION>Consider using 'MmMapLockedPagesSpecifyCache' instead of 'MmMapLockedPages'. Reason: Obsolete except on Windows 98.  Use MmGetSystemAddressForMdlSafe if this is a call to MmGetSystemAddressForMdl..</DESCRIPTION><FUNCTION>Ezusb_StartIsoTransfer</FUNCTION><FUNCLINE>3848</FUNCLINE><PATH/></DEFECT>
<DEFECT _seq="48"><SFA><LINE>3957</LINE><COLUMN>48</COLUMN><FILENAME>ezusbsys.c</FILENAME><FILEPATH>c:\projects\bitwise\quickusb\library\driver\</FILEPATH></SFA><DEFECTCODE>28159</DEFECTCODE><DESCRIPTION>Consider using 'ExAllocatePoolWithTag' instead of 'ExAllocatePool'. Reason: No tag interferes with debugging..</DESCRIPTION><FUNCTION>Ezusb_StartIsoTransfer</FUNCTION><FUNCLINE>3848</FUNCLINE><PATH/></DEFECT>
<DEFECT _seq="49"><SFA><LINE>4175</LINE><COLUMN>32</COLUMN><FILENAME>ezusbsys.c</FILENAME><FILEPATH>c:\projects\bitwise\quickusb\library\driver\</FILEPATH></SFA><DEFECTCODE>28159</DEFECTCODE><DESCRIPTION>Consider using 'ExAllocatePoolWithTag' instead of 'ExAllocatePool'. Reason: No tag interferes with debugging..</DESCRIPTION><FUNCTION>Ezusb_StartIsoStream</FUNCTION><FUNCLINE>4123</FUNCLINE><PATH/></DEFECT>
<DEFECT _seq="50"><SFA><LINE>4201</LINE><COLUMN>48</COLUMN><FILENAME>ezusbsys.c</FILENAME><FILEPATH>c:\projects\bitwise\quickusb\library\driver\</FILEPATH></SFA><DEFECTCODE>28159</DEFECTCODE><DESCRIPTION>Consider using 'ExAllocatePoolWithTag' instead of 'ExAllocatePool'. Reason: No tag interferes with debugging..</DESCRIPTION><FUNCTION>Ezusb_StartIsoStream</FUNCTION><FUNCLINE>4123</FUNCLINE><PATH/></DEFECT>
<DEFECT _seq="51"><SFA><LINE>4225</LINE><COLUMN>48</COLUMN><FILENAME>ezusbsys.c</FILENAME><FILEPATH>c:\projects\bitwise\quickusb\library\driver\</FILEPATH></SFA><DEFECTCODE>28159</DEFECTCODE><DESCRIPTION>Consider using 'ExAllocatePoolWithTag' instead of 'ExAllocatePool'. Reason: No tag interferes with debugging..</DESCRIPTION><FUNCTION>Ezusb_StartIsoStream</FUNCTION><FUNCLINE>4123</FUNCLINE><PATH/></DEFECT>
<DEFECT _seq="52"><SFA><LINE>4284</LINE><COLUMN>23</COLUMN><FILENAME>ezusbsys.c</FILENAME><FILEPATH>c:\projects\bitwise\quickusb\library\driver\</FILEPATH></SFA><DEFECTCODE>28159</DEFECTCODE><DESCRIPTION>Consider using 'ExAllocatePoolWithTag' instead of 'ExAllocatePool'. Reason: No tag interferes with debugging..</DESCRIPTION><FUNCTION>InitTransferObject</FUNCTION><FUNCLINE>4262</FUNCLINE><PATH/></DEFECT>
<DEFECT _seq="53"><SFA><LINE>4367</LINE><COLUMN>23</COLUMN><FILENAME>ezusbsys.c</FILENAME><FILEPATH>c:\projects\bitwise\quickusb\library\driver\</FILEPATH></SFA><DEFECTCODE>28159</DEFECTCODE><DESCRIPTION>Consider using 'ExAllocatePoolWithTag' instead of 'ExAllocatePool'. Reason: No tag interferes with debugging..</DESCRIPTION><FUNCTION>Ezusb_8051Reset</FUNCTION><FUNCLINE>4343</FUNCLINE><PATH/></DEFECT>
<DEFECT _seq="54"><SFA><LINE>4450</LINE><COLUMN>23</COLUMN><FILENAME>ezusbsys.c</FILENAME><FILEPATH>c:\projects\bitwise\quickusb\library\driver\</FILEPATH></SFA><DEFECTCODE>28159</DEFECTCODE><DESCRIPTION>Consider using 'ExAllocatePoolWithTag' instead of 'ExAllocatePool'. Reason: No tag interferes with debugging..</DESCRIPTION><FUNCTION>Ezusb_AnchorDownload</FUNCTION><FUNCLINE>4419</FUNCLINE><PATH/></DEFECT>
<DEFECT _seq="55"><SFA><LINE>4526</LINE><COLUMN>23</COLUMN><FILENAME>ezusbsys.c</FILENAME><FILEPATH>c:\projects\bitwise\quickusb\library\driver\</FILEPATH></SFA><DEFECTCODE>28159</DEFECTCODE><DESCRIPTION>Consider using 'ExAllocatePoolWithTag' instead of 'ExAllocatePool'. Reason: No tag interferes with debugging..</DESCRIPTION><FUNCTION>Ezusb_DownloadIntelHex</FUNCTION><FUNCLINE>4499</FUNCLINE><PATH/></DEFECT>
<DEFECT _seq="56"><SFA><LINE>4609</LINE><COLUMN>30</COLUMN><FILENAME>ezusbsys.c</FILENAME><FILEPATH>c:\projects\bitwise\quickusb\library\driver\</FILEPATH></SFA><DEFECTCODE>28159</DEFECTCODE><DESCRIPTION>Consider using 'ExAllocatePoolWithTag' instead of 'ExAllocatePool'. Reason: No tag interferes with debugging..</DESCRIPTION><FUNCTION>AllocRingBuffer</FUNCTION><FUNCLINE>4603</FUNCLINE><PATH/></DEFECT>
<DEFECT _seq="57"><SFA><LINE>4614</LINE><COLUMN>38</COLUMN><FILENAME>ezusbsys.c</FILENAME><FILEPATH>c:\projects\bitwise\quickusb\library\driver\</FILEPATH></SFA><DEFECTCODE>28159</DEFECTCODE><DESCRIPTION>Consider using 'ExAllocatePoolWithTag' instead of 'ExAllocatePool'. Reason: No tag interferes with debugging..</DESCRIPTION><FUNCTION>AllocRingBuffer</FUNCTION><FUNCLINE>4603</FUNCLINE><PATH/></DEFECT>
<DEFECT _seq="58"><SFA><LINE>4809</LINE><COLUMN>23</COLUMN><FILENAME>ezusbsys.c</FILENAME><FILEPATH>c:\projects\bitwise\quickusb\library\driver\</FILEPATH></SFA><DEFECTCODE>28159</DEFECTCODE><DESCRIPTION>Consider using 'ExAllocatePoolWithTag' instead of 'ExAllocatePool'. Reason: No tag interferes with debugging..</DESCRIPTION><FUNCTION>IsFx2</FUNCTION><FUNCLINE>4788</FUNCLINE><PATH/></DEFECT>
<DEFECT _seq="59"><SFA><LINE>4873</LINE><COLUMN>23</COLUMN><FILENAME>ezusbsys.c</FILENAME><FILEPATH>c:\projects\bitwise\quickusb\library\driver\</FILEPATH></SFA><DEFECTCODE>28159</DEFECTCODE><DESCRIPTION>Consider using 'ExAllocatePoolWithTag' instead of 'ExAllocatePool'. Reason: No tag interferes with debugging..</DESCRIPTION><FUNCTION>Ezusb_SetFeature</FUNCTION><FUNCLINE>4849</FUNCLINE><PATH/></DEFECT>
<DEFECT _seq="60"><SFA><LINE>5046</LINE><COLUMN>28</COLUMN><FILENAME>ezusbsys.c</FILENAME><FILEPATH>c:\projects\bitwise\quickusb\library\driver\</FILEPATH></SFA><DEFECTCODE>28159</DEFECTCODE><DESCRIPTION>Consider using 'ExAllocatePoolWithTag' instead of 'ExAllocatePool'. Reason: No tag interferes with debugging..</DESCRIPTION><FUNCTION>Ezusb_Read_Write_Async</FUNCTION><FUNCLINE>4905</FUNCLINE><PATH/></DEFECT>
<DEFECT _seq="61"><SFA><LINE>5049</LINE><COLUMN>28</COLUMN><FILENAME>ezusbsys.c</FILENAME><FILEPATH>c:\projects\bitwise\quickusb\library\driver\</FILEPATH></SFA><DEFECTCODE>28159</DEFECTCODE><DESCRIPTION>Consider using 'ExAllocatePoolWithTag' instead of 'ExAllocatePool'. Reason: No tag interferes with debugging..</DESCRIPTION><FUNCTION>Ezusb_Read_Write_Async</FUNCTION><FUNCLINE>4905</FUNCLINE><PATH/></DEFECT>
<DEFECT _seq="62"><SFA><LINE>5064</LINE><COLUMN>26</COLUMN><FILENAME>ezusbsys.c</FILENAME><FILEPATH>c:\projects\bitwise\quickusb\library\driver\</FILEPATH></SFA><DEFECTCODE>28159</DEFECTCODE><DESCRIPTION>Consider using 'ExAllocatePoolWithTag' instead of 'ExAllocatePool'. Reason: No tag interferes with debugging..</DESCRIPTION><FUNCTION>Ezusb_Read_Write_Async</FUNCTION><FUNCLINE>4905</FUNCLINE><PATH/></DEFECT>
<DEFECT _seq="63"><SFA><LINE>128</LINE><COLUMN>46</COLUMN><FILENAME>ezusbsys.c</FILENAME><FILEPATH>c:\projects\bitwise\quickusb\library\driver\</FILEPATH></SFA><DEFECTCODE>28169</DEFECTCODE><DESCRIPTION>The dispatch function 'Ezusb_Create' does not have any __drv_dispatchType annotations:  This can be corrected by adding appropriate __drv_dispatchType annotations to the function. Unnecessary casts can cause this warning.</DESCRIPTION><FUNCTION>DriverEntry</FUNCTION><FUNCLINE>95</FUNCLINE><PATH/></DEFECT>
<DEFECT _seq="64"><SFA><LINE>129</LINE><COLUMN>45</COLUMN><FILENAME>ezusbsys.c</FILENAME><FILEPATH>c:\projects\bitwise\quickusb\library\driver\</FILEPATH></SFA><DEFECTCODE>28169</DEFECTCODE><DESCRIPTION>The dispatch function 'Ezusb_Close' does not have any __drv_dispatchType annotations:  This can be corrected by adding appropriate __drv_dispatchType annotations to the function. Unnecessary casts can cause this warning.</DESCRIPTION><FUNCTION>DriverEntry</FUNCTION><FUNCLINE>95</FUNCLINE><PATH/></DEFECT>
<DEFECT _seq="65"><SFA><LINE>132</LINE><COLUMN>54</COLUMN><FILENAME>ezusbsys.c</FILENAME><FILEPATH>c:\projects\bitwise\quickusb\library\driver\</FILEPATH></SFA><DEFECTCODE>28169</DEFECTCODE><DESCRIPTION>The dispatch function 'Ezusb_ProcessIOCTL' does not have any __drv_dispatchType annotations:  This can be corrected by adding appropriate __drv_dispatchType annotations to the function. Unnecessary casts can cause this warning.</DESCRIPTION><FUNCTION>DriverEntry</FUNCTION><FUNCLINE>95</FUNCLINE><PATH/></DEFECT>
<DEFECT _seq="66"><SFA><LINE>134</LINE><COLUMN>43</COLUMN><FILENAME>ezusbsys.c</FILENAME><FILEPATH>c:\projects\bitwise\quickusb\library\driver\</FILEPATH></SFA><DEFECTCODE>28169</DEFECTCODE><DESCRIPTION>The dispatch function 'Ezusb_DispatchPnp' does not have any __drv_dispatchType annotations:  This can be corrected by adding appropriate __drv_dispatchType annotations to the function. Unnecessary casts can cause this warning.</DESCRIPTION><FUNCTION>DriverEntry</FUNCTION><FUNCLINE>95</FUNCLINE><PATH/></DEFECT>
<DEFECT _seq="67"><SFA><LINE>135</LINE><COLUMN>45</COLUMN><FILENAME>ezusbsys.c</FILENAME><FILEPATH>c:\projects\bitwise\quickusb\library\driver\</FILEPATH></SFA><DEFECTCODE>28169</DEFECTCODE><DESCRIPTION>The dispatch function 'Ezusb_DispatchPower' does not have any __drv_dispatchType annotations:  This can be corrected by adding appropriate __drv_dispatchType annotations to the function. Unnecessary casts can cause this warning.</DESCRIPTION><FUNCTION>DriverEntry</FUNCTION><FUNCLINE>95</FUNCLINE><PATH/></DEFECT>
<DEFECT _seq="68"><SFA><LINE>3952</LINE><COLUMN>34</COLUMN><FILENAME>ezusbsys.c</FILENAME><FILEPATH>c:\projects\bitwise\quickusb\library\driver\</FILEPATH></SFA><DEFECTCODE>28193</DEFECTCODE><DESCRIPTION>'streamObject-&gt;TransferBuffer' holds a value that must be examined.</DESCRIPTION><FUNCTION>Ezusb_StartIsoTransfer</FUNCTION><FUNCLINE>3848</FUNCLINE><PATH><SFA><LINE>3853</LINE><COLUMN>30</COLUMN><FILENAME>ezusbsys.c</FILENAME><FILEPATH>c:\projects\bitwise\quickusb\library\driver\</FILEPATH></SFA><SFA><LINE>3854</LINE><COLUMN>30</COLUMN><FILENAME>ezusbsys.c</FILENAME><FILEPATH>c:\projects\bitwise\quickusb\library\driver\</FILEPATH></SFA><SFA><LINE>3855</LINE><COLUMN>30</COLUMN><FILENAME>ezusbsys.c</FILENAME><FILEPATH>c:\projects\bitwise\quickusb\library\driver\</FILEPATH></SFA><SFA><LINE>3857</LINE><COLUMN>30</COLUMN><FILENAME>ezusbsys.c</FILENAME><FILEPATH>c:\projects\bitwise\quickusb\library\driver\</FILEPATH></SFA><SFA><LINE>3859</LINE><COLUMN>30</COLUMN><FILENAME>ezusbsys.c</FILENAME><FILEPATH>c:\projects\bitwise\quickusb\library\driver\</FILEPATH></SFA><SFA><LINE>3860</LINE><COLUMN>31</COLUMN><FILENAME>ezusbsys.c</FILENAME><FILEPATH>c:\projects\bitwise\quickusb\library\driver\</FILEPATH></SFA><SFA><LINE>3861</LINE><COLUMN>30</COLUMN><FILENAME>ezusbsys.c</FILENAME><FILEPATH>c:\projects\bitwise\quickusb\library\driver\</FILEPATH></SFA><SFA><LINE>3862</LINE><COLUMN>30</COLUMN><FILENAME>ezusbsys.c</FILENAME><FILEPATH>c:\projects\bitwise\quickusb\library\driver\</FILEPATH></SFA><SFA><LINE>3863</LINE><COLUMN>30</COLUMN><FILENAME>ezusbsys.c</FILENAME><FILEPATH>c:\projects\bitwise\quickusb\library\driver\</FILEPATH></SFA><SFA><LINE>3864</LINE><COLUMN>30</COLUMN><FILENAME>ezusbsys.c</FILENAME><FILEPATH>c:\projects\bitwise\quickusb\library\driver\</FILEPATH></SFA><SFA><LINE>3870</LINE><COLUMN>17</COLUMN><FILENAME>ezusbsys.c</FILENAME><FILEPATH>c:\projects\bitwise\quickusb\library\driver\</FILEPATH></SFA><SFA><LINE>3872</LINE><COLUMN>7</COLUMN><FILENAME>ezusbsys.c</FILENAME><FILEPATH>c:\projects\bitwise\quickusb\library\driver\</FILEPATH></SFA><SFA><LINE>3878</LINE><COLUMN>27</COLUMN><FILENAME>ezusbsys.c</FILENAME><FILEPATH>c:\projects\bitwise\quickusb\library\driver\</FILEPATH></SFA><SFA><LINE>3884</LINE><COLUMN>12</COLUMN><FILENAME>ezusbsys.c</FILENAME><FILEPATH>c:\projects\bitwise\quickusb\library\driver\</FILEPATH></SFA><SFA><LINE>3886</LINE><COLUMN>7</COLUMN><FILENAME>ezusbsys.c</FILENAME><FILEPATH>c:\projects\bitwise\quickusb\library\driver\</FILEPATH></SFA><SFA><LINE>3892</LINE><COLUMN>14</COLUMN><FILENAME>ezusbsys.c</FILENAME><FILEPATH>c:\projects\bitwise\quickusb\library\driver\</FILEPATH></SFA><SFA><LINE>3894</LINE><COLUMN>7</COLUMN><FILENAME>ezusbsys.c</FILENAME><FILEPATH>c:\projects\bitwise\quickusb\library\driver\</FILEPATH></SFA><SFA><LINE>3905</LINE><COLUMN>31</COLUMN><FILENAME>ezusbsys.c</FILENAME><FILEPATH>c:\projects\bitwise\quickusb\library\driver\</FILEPATH></SFA><SFA><LINE>3917</LINE><COLUMN>14</COLUMN><FILENAME>ezusbsys.c</FILENAME><FILEPATH>c:\projects\bitwise\quickusb\library\driver\</FILEPATH></SFA><SFA><LINE>3919</LINE><COLUMN>20</COLUMN><FILENAME>ezusbsys.c</FILENAME><FILEPATH>c:\projects\bitwise\quickusb\library\driver\</FILEPATH></SFA><SFA><LINE>3928</LINE><COLUMN>16</COLUMN><FILENAME>ezusbsys.c</FILENAME><FILEPATH>c:\projects\bitwise\quickusb\library\driver\</FILEPATH></SFA><SFA><LINE>3930</LINE><COLUMN>7</COLUMN><FILENAME>ezusbsys.c</FILENAME><FILEPATH>c:\projects\bitwise\quickusb\library\driver\</FILEPATH></SFA><SFA><LINE>3941</LINE><COLUMN>33</COLUMN><FILENAME>ezusbsys.c</FILENAME><FILEPATH>c:\projects\bitwise\quickusb\library\driver\</FILEPATH></SFA><SFA><LINE>3946</LINE><COLUMN>29</COLUMN><FILENAME>ezusbsys.c</FILENAME><FILEPATH>c:\projects\bitwise\quickusb\library\driver\</FILEPATH></SFA><SFA><LINE>3948</LINE><COLUMN>30</COLUMN><FILENAME>ezusbsys.c</FILENAME><FILEPATH>c:\projects\bitwise\quickusb\library\driver\</FILEPATH></SFA><SFA><LINE>3949</LINE><COLUMN>26</COLUMN><FILENAME>ezusbsys.c</FILENAME><FILEPATH>c:\projects\bitwise\quickusb\library\driver\</FILEPATH></SFA><SFA><LINE>3950</LINE><COLUMN>28</COLUMN><FILENAME>ezusbsys.c</FILENAME><FILEPATH>c:\projects\bitwise\quickusb\library\driver\</FILEPATH></SFA><SFA><LINE>3951</LINE><COLUMN>28</COLUMN><FILENAME>ezusbsys.c</FILENAME><FILEPATH>c:\projects\bitwise\quickusb\library\driver\</FILEPATH></SFA><SFA><LINE>3952</LINE><COLUMN>32</COLUMN><FILENAME>ezusbsys.c</FILENAME><FILEPATH>c:\projects\bitwise\quickusb\library\driver\</FILEPATH></SFA><SFA><LINE>3954</LINE><COLUMN>38</COLUMN><FILENAME>ezusbsys.c</FILENAME><FILEPATH>c:\projects\bitwise\quickusb\library\driver\</FILEPATH></SFA><SFA><LINE>3955</LINE><COLUMN>37</COLUMN><FILENAME>ezusbsys.c</FILENAME><FILEPATH>c:\projects\bitwise\quickusb\library\driver\</FILEPATH></SFA><SFA><LINE>3957</LINE><COLUMN>32</COLUMN><FILENAME>ezusbsys.c</FILENAME><FILEPATH>c:\projects\bitwise\quickusb\library\driver\</FILEPATH></SFA><SFA><LINE>3960</LINE><COLUMN>7</COLUMN><FILENAME>ezusbsys.c</FILENAME><FILEPATH>c:\projects\bitwise\quickusb\library\driver\</FILEPATH></SFA><SFA><LINE>3966</LINE><COLUMN>9</COLUMN><FILENAME>ezusbsys.c</FILENAME><FILEPATH>c:\projects\bitwise\quickusb\library\driver\</FILEPATH></SFA><SFA><LINE>3966</LINE><COLUMN>15</COLUMN><FILENAME>ezusbsys.c</FILENAME><FILEPATH>c:\projects\bitwise\quickusb\library\driver\</FILEPATH></SFA><SFA><LINE>3971</LINE><COLUMN>9</COLUMN><FILENAME>ezusbsys.c</FILENAME><FILEPATH>c:\projects\bitwise\quickusb\library\driver\</FILEPATH></SFA><SFA><LINE>3971</LINE><COLUMN>15</COLUMN><FILENAME>ezusbsys.c</FILENAME><FILEPATH>c:\projects\bitwise\quickusb\library\driver\</FILEPATH></SFA><SFA><LINE>3980</LINE><COLUMN>9</COLUMN><FILENAME>ezusbsys.c</FILENAME><FILEPATH>c:\projects\bitwise\quickusb\library\driver\</FILEPATH></SFA><SFA><LINE>3980</LINE><COLUMN>15</COLUMN><FILENAME>ezusbsys.c</FILENAME><FILEPATH>c:\projects\bitwise\quickusb\library\driver\</FILEPATH></SFA><SFA><LINE>3993</LINE><COLUMN>13</COLUMN><FILENAME>ezusbsys.c</FILENAME><FILEPATH>c:\projects\bitwise\quickusb\library\driver\</FILEPATH></SFA><SFA><LINE>3994</LINE><COLUMN>13</COLUMN><FILENAME>ezusbsys.c</FILENAME><FILEPATH>c:\projects\bitwise\quickusb\library\driver\</FILEPATH></SFA><SFA><LINE>3996</LINE><COLUMN>3</COLUMN><FILENAME>ezusbsys.c</FILENAME><FILEPATH>c:\projects\bitwise\quickusb\library\driver\</FILEPATH></SFA></PATH></DEFECT>
<DEFECT _seq="69"><SFA><LINE>1042</LINE><COLUMN>11</COLUMN><FILENAME>ezusbsys.c</FILENAME><FILEPATH>c:\projects\bitwise\quickusb\library\driver\</FILEPATH></SFA><DEFECTCODE>28719</DEFECTCODE><DESCRIPTION>Banned API Usage:  swprintf is a Banned API as listed in dontuse.h for security purposes.</DESCRIPTION><FUNCTION>Ezusb_CreateDeviceObject</FUNCTION><FUNCLINE>1007</FUNCLINE><PATH/></DEFECT>
<DEFECT _seq="70"><SFA><LINE>1045</LINE><COLUMN>11</COLUMN><FILENAME>ezusbsys.c</FILENAME><FILEPATH>c:\projects\bitwise\quickusb\library\driver\</FILEPATH></SFA><DEFECTCODE>28719</DEFECTCODE><DESCRIPTION>Banned API Usage:  swprintf is a Banned API as listed in dontuse.h for security purposes.</DESCRIPTION><FUNCTION>Ezusb_CreateDeviceObject</FUNCTION><FUNCLINE>1007</FUNCLINE><PATH/></DEFECT>
<DEFECT _seq="71"><SFA><LINE>3643</LINE><COLUMN>9</COLUMN><FILENAME>ezusbsys.c</FILENAME><FILEPATH>c:\projects\bitwise\quickusb\library\driver\</FILEPATH></SFA><DEFECTCODE>28719</DEFECTCODE><DESCRIPTION>Banned API Usage:  sprintf is a Banned API as listed in dontuse.h for security purposes.</DESCRIPTION><FUNCTION>DumpBuffer</FUNCTION><FUNCLINE>3628</FUNCLINE><PATH/></DEFECT>
<DEFECT _seq="72"><SFA><LINE>3650</LINE><COLUMN>11</COLUMN><FILENAME>ezusbsys.c</FILENAME><FILEPATH>c:\projects\bitwise\quickusb\library\driver\</FILEPATH></SFA><DEFECTCODE>28719</DEFECTCODE><DESCRIPTION>Banned API Usage:  sprintf is a Banned API as listed in dontuse.h for security purposes.</DESCRIPTION><FUNCTION>DumpBuffer</FUNCTION><FUNCLINE>3628</FUNCLINE><PATH/></DEFECT>
<DEFECT _seq="73"><SFA><LINE>3653</LINE><COLUMN>10</COLUMN><FILENAME>ezusbsys.c</FILENAME><FILEPATH>c:\projects\bitwise\quickusb\library\driver\</FILEPATH></SFA><DEFECTCODE>28719</DEFECTCODE><DESCRIPTION>Banned API Usage:  strcat is a Banned API as listed in dontuse.h for security purposes.</DESCRIPTION><FUNCTION>DumpBuffer</FUNCTION><FUNCLINE>3628</FUNCLINE><PATH/></DEFECT>
</DEFECTS>
