﻿<?xml version="1.0" encoding="utf-8"?>
<sensor model="ov9121">
  <address>60</address>
  <wavelengths visible="700-1100" />
  <regbank bank="0">
    <regwidth>8</regwidth>
    <regaddrwidth>8</regaddrwidth>
    <register name="GAIN" address="0x00"></register>
    <register name="BLUE" address="0x01"></register>
    <register name="RED" address="0x02"></register>
    <register name="COMA" address="0x03"></register>
    <register name="COMB" address="0x04"></register>
    <register name="BAVG" address="0x05"></register>
    <register name="GBAVG" address="0x06"></register>
    <register name="COMC" address="0x09"></register>
    <register name="PIDH" address="0x0A"></register>
    <register name="PIDL" address="0x0B"></register>
    <register name="COMD" address="0x0C"></register>
    <register name="COME" address="0x0D"></register>
    <register name="COMF" address="0x0E"></register>
    <register name="COMG" address="0x0F"></register>
    <register name="AEC" address="0x10"></register>
    <register name="CLKRC" address="0x11"></register>
    <register name="COMH" address="0x12"></register>
    <register name="COMI" address="0x13"></register>
    <register name="COMJ" address="0x14"></register>
    <register name="COMK" address="0x15"></register>
    <register name="FSD" address="0x16"></register>
    <register name="HREFST" address="0x17"></register>
  </regbank>
</sensor>